
> hodhod-marketplace@1.0.0 start
> react-scripts start

Starting the development server...

Failed to compile.

[eslint] 
src\pages\ProviderProfilePage.js
Syntax error: 'return' outside of function. (170:4) (170:4)
[1m[33mWARNING[39m[22m in [1m[eslint] 
src\components\Layout\Layout.js
  Line 26:11:  'language' is assigned a value but never used  no-unused-vars

[39m[22m

[1m[31mERROR[39m[22m in [1m./src/pages/ProviderProfilePage.js[39m[22m
Module build failed (from ./node_modules/babel-loader/lib/index.js):
SyntaxError: C:\Users\life5\OneDrive\Desktop\Hodhod\src\pages\ProviderProfilePage.js: 'return' outside of function. (170:4)

[0m [90m 168 |[39m
 [90m 169 |[39m   [36mif[39m (loading [33m||[39m [33m![39mprovider) {
[31m[1m>[22m[39m[90m 170 |[39m     [36mreturn[39m (
 [90m     |[39m     [31m[1m^[22m[39m
 [90m 171 |[39m       [33m<[39m[33mdiv[39m className[33m=[39m[32m"container-hodhod py-10"[39m[33m>[39m
 [90m 172 |[39m         [33m<[39m[33mdiv[39m className[33m=[39m[32m"animate-pulse h-48 bg-gray-100 rounded"[39m [33m/[39m[33m>[39m
 [90m 173 |[39m       [33m<[39m[33m/[39m[33mdiv[39m[33m>[39m[0m
    at constructor (C:\Users\life5\OneDrive\Desktop\Hodhod\node_modules\@babel\parser\lib\index.js:367:19)
    at FlowParserMixin.raise (C:\Users\life5\OneDrive\Desktop\Hodhod\node_modules\@babel\parser\lib\index.js:6627:19)
    at FlowParserMixin.parseReturnStatement (C:\Users\life5\OneDrive\Desktop\Hodhod\node_modules\@babel\parser\lib\index.js:13136:12)
    at FlowParserMixin.parseStatementContent (C:\Users\life5\OneDrive\Desktop\Hodhod\node_modules\@babel\parser\lib\index.js:12798:21)
    at FlowParserMixin.parseStatementLike (C:\Users\life5\OneDrive\Desktop\Hodhod\node_modules\@babel\parser\lib\index.js:12767:17)
    at FlowParserMixin.parseStatementLike (C:\Users\life5\OneDrive\Desktop\Hodhod\node_modules\@babel\parser\lib\index.js:2946:24)
    at FlowParserMixin.parseStatementListItem (C:\Users\life5\OneDrive\Desktop\Hodhod\node_modules\@babel\parser\lib\index.js:12747:17)
    at FlowParserMixin.parseBlockOrModuleBlockBody (C:\Users\life5\OneDrive\Desktop\Hodhod\node_modules\@babel\parser\lib\index.js:13316:61)
    at FlowParserMixin.parseBlockBody (C:\Users\life5\OneDrive\Desktop\Hodhod\node_modules\@babel\parser\lib\index.js:13309:10)
    at FlowParserMixin.parseBlock (C:\Users\life5\OneDrive\Desktop\Hodhod\node_modules\@babel\parser\lib\index.js:13297:10)
    at FlowParserMixin.parseStatementContent (C:\Users\life5\OneDrive\Desktop\Hodhod\node_modules\@babel\parser\lib\index.js:12858:21)
    at FlowParserMixin.parseStatementLike (C:\Users\life5\OneDrive\Desktop\Hodhod\node_modules\@babel\parser\lib\index.js:12767:17)
    at FlowParserMixin.parseStatementLike (C:\Users\life5\OneDrive\Desktop\Hodhod\node_modules\@babel\parser\lib\index.js:2946:24)
    at FlowParserMixin.parseStatementOrSloppyAnnexBFunctionDeclaration (C:\Users\life5\OneDrive\Desktop\Hodhod\node_modules\@babel\parser\lib\index.js:12757:17)
    at FlowParserMixin.parseIfStatement (C:\Users\life5\OneDrive\Desktop\Hodhod\node_modules\@babel\parser\lib\index.js:13130:28)
    at FlowParserMixin.parseStatementContent (C:\Users\life5\OneDrive\Desktop\Hodhod\node_modules\@babel\parser\lib\index.js:12796:21)
    at FlowParserMixin.parseStatementLike (C:\Users\life5\OneDrive\Desktop\Hodhod\node_modules\@babel\parser\lib\index.js:12767:17)
    at FlowParserMixin.parseStatementLike (C:\Users\life5\OneDrive\Desktop\Hodhod\node_modules\@babel\parser\lib\index.js:2946:24)
    at FlowParserMixin.parseModuleItem (C:\Users\life5\OneDrive\Desktop\Hodhod\node_modules\@babel\parser\lib\index.js:12744:17)
    at FlowParserMixin.parseBlockOrModuleBlockBody (C:\Users\life5\OneDrive\Desktop\Hodhod\node_modules\@babel\parser\lib\index.js:13316:36)
    at FlowParserMixin.parseBlockBody (C:\Users\life5\OneDrive\Desktop\Hodhod\node_modules\@babel\parser\lib\index.js:13309:10)
    at FlowParserMixin.parseProgram (C:\Users\life5\OneDrive\Desktop\Hodhod\node_modules\@babel\parser\lib\index.js:12625:10)
    at FlowParserMixin.parseTopLevel (C:\Users\life5\OneDrive\Desktop\Hodhod\node_modules\@babel\parser\lib\index.js:12615:25)
    at FlowParserMixin.parseTopLevel (C:\Users\life5\OneDrive\Desktop\Hodhod\node_modules\@babel\parser\lib\index.js:3715:28)
    at FlowParserMixin.parse (C:\Users\life5\OneDrive\Desktop\Hodhod\node_modules\@babel\parser\lib\index.js:14492:10)
    at parse (C:\Users\life5\OneDrive\Desktop\Hodhod\node_modules\@babel\parser\lib\index.js:14526:38)
    at parser (C:\Users\life5\OneDrive\Desktop\Hodhod\node_modules\@babel\core\lib\parser\index.js:41:34)
    at parser.next (<anonymous>)
    at normalizeFile (C:\Users\life5\OneDrive\Desktop\Hodhod\node_modules\@babel\core\lib\transformation\normalize-file.js:64:37)
    at normalizeFile.next (<anonymous>)
    at run (C:\Users\life5\OneDrive\Desktop\Hodhod\node_modules\@babel\core\lib\transformation\index.js:22:50)
    at run.next (<anonymous>)
    at transform (C:\Users\life5\OneDrive\Desktop\Hodhod\node_modules\@babel\core\lib\transform.js:22:33)
    at transform.next (<anonymous>)
    at step (C:\Users\life5\OneDrive\Desktop\Hodhod\node_modules\gensync\index.js:261:32)
    at C:\Users\life5\OneDrive\Desktop\Hodhod\node_modules\gensync\index.js:273:13
    at async.call.result.err.err (C:\Users\life5\OneDrive\Desktop\Hodhod\node_modules\gensync\index.js:223:11)

[1m[31mERROR[39m[22m in [1m[eslint] 
src\pages\ProviderProfilePage.js
  Line 170:4:  Parsing [1m[31merror[39m[22m[1m: 'return' outside of function. (170:4)

[39m[22m

webpack compiled with [1m[31m2 errors[39m[22m and [1m[33m1 warning[39m[22m
Compiling...
Compiled with warnings.

[eslint] 
src\components\Layout\Layout.js
  Line 26:11:  'language' is assigned a value but never used  no-unused-vars

src\pages\ProviderProfilePage.js
  Line 24:11:  't' is assigned a value but never used              no-unused-vars
  Line 35:10:  'newProduct' is assigned a value but never used     no-unused-vars
  Line 35:22:  'setNewProduct' is assigned a value but never used  no-unused-vars
  Line 39:10:  'newTeam' is assigned a value but never used        no-unused-vars
  Line 39:19:  'setNewTeam' is assigned a value but never used     no-unused-vars

Search for the keywords to learn more about each warning.
To ignore, add // eslint-disable-next-line to the line before.

[1m[33mWARNING[39m[22m in [1m[eslint] 
src\components\Layout\Layout.js
  Line 26:11:  'language' is assigned a value but never used  no-unused-vars

src\pages\ProviderProfilePage.js
  Line 24:11:  't' is assigned a value but never used              no-unused-vars
  Line 35:10:  'newProduct' is assigned a value but never used     no-unused-vars
  Line 35:22:  'setNewProduct' is assigned a value but never used  no-unused-vars
  Line 39:10:  'newTeam' is assigned a value but never used        no-unused-vars
  Line 39:19:  'setNewTeam' is assigned a value but never used     no-unused-vars

[39m[22m

webpack compiled with [1m[33m1 warning[39m[22m
Compiling...
Compiled with warnings.

[eslint] 
src\components\Layout\Layout.js
  Line 26:11:  'language' is assigned a value but never used  no-unused-vars

src\pages\ProviderProfilePage.js
  Line 24:11:  't' is assigned a value but never used              no-unused-vars
  Line 35:10:  'newProduct' is assigned a value but never used     no-unused-vars
  Line 35:22:  'setNewProduct' is assigned a value but never used  no-unused-vars
  Line 39:10:  'newTeam' is assigned a value but never used        no-unused-vars
  Line 39:19:  'setNewTeam' is assigned a value but never used     no-unused-vars

Search for the keywords to learn more about each warning.
To ignore, add // eslint-disable-next-line to the line before.

[1m[33mWARNING[39m[22m in [1m[eslint] 
src\components\Layout\Layout.js
  Line 26:11:  'language' is assigned a value but never used  no-unused-vars

src\pages\ProviderProfilePage.js
  Line 24:11:  't' is assigned a value but never used              no-unused-vars
  Line 35:10:  'newProduct' is assigned a value but never used     no-unused-vars
  Line 35:22:  'setNewProduct' is assigned a value but never used  no-unused-vars
  Line 39:10:  'newTeam' is assigned a value but never used        no-unused-vars
  Line 39:19:  'setNewTeam' is assigned a value but never used     no-unused-vars

[39m[22m

webpack compiled with [1m[33m1 warning[39m[22m
Compiling...
Compiled with warnings.

[eslint] 
src\components\Layout\Layout.js
  Line 26:11:  'language' is assigned a value but never used  no-unused-vars

src\pages\ProfilePage.js
  Line 57:6:  React Hook useEffect has a missing dependency: 'privacyKey'. Either include it or remove the dependency array  react-hooks/exhaustive-deps

src\pages\ProviderProfilePage.js
  Line 24:11:  't' is assigned a value but never used              no-unused-vars
  Line 35:10:  'newProduct' is assigned a value but never used     no-unused-vars
  Line 35:22:  'setNewProduct' is assigned a value but never used  no-unused-vars
  Line 39:10:  'newTeam' is assigned a value but never used        no-unused-vars
  Line 39:19:  'setNewTeam' is assigned a value but never used     no-unused-vars

Search for the keywords to learn more about each warning.
To ignore, add // eslint-disable-next-line to the line before.

[1m[33mWARNING[39m[22m in [1m[eslint] 
src\components\Layout\Layout.js
  Line 26:11:  'language' is assigned a value but never used  no-unused-vars

src\pages\ProfilePage.js
  Line 57:6:  React Hook useEffect has a missing dependency: 'privacyKey'. Either include it or remove the dependency array  react-hooks/exhaustive-deps

src\pages\ProviderProfilePage.js
  Line 24:11:  't' is assigned a value but never used              no-unused-vars
  Line 35:10:  'newProduct' is assigned a value but never used     no-unused-vars
  Line 35:22:  'setNewProduct' is assigned a value but never used  no-unused-vars
  Line 39:10:  'newTeam' is assigned a value but never used        no-unused-vars
  Line 39:19:  'setNewTeam' is assigned a value but never used     no-unused-vars

[39m[22m

webpack compiled with [1m[33m1 warning[39m[22m
Compiling...
Compiled with warnings.

[eslint] 
src\components\Layout\Layout.js
  Line 26:11:  'language' is assigned a value but never used  no-unused-vars

src\pages\ProfilePage.js
  Line 57:6:  React Hook useEffect has a missing dependency: 'privacyKey'. Either include it or remove the dependency array  react-hooks/exhaustive-deps

src\pages\ProviderProfilePage.js
  Line 24:11:  't' is assigned a value but never used              no-unused-vars
  Line 35:10:  'newProduct' is assigned a value but never used     no-unused-vars
  Line 35:22:  'setNewProduct' is assigned a value but never used  no-unused-vars
  Line 39:10:  'newTeam' is assigned a value but never used        no-unused-vars
  Line 39:19:  'setNewTeam' is assigned a value but never used     no-unused-vars

Search for the keywords to learn more about each warning.
To ignore, add // eslint-disable-next-line to the line before.

[1m[33mWARNING[39m[22m in [1m[eslint] 
src\components\Layout\Layout.js
  Line 26:11:  'language' is assigned a value but never used  no-unused-vars

src\pages\ProfilePage.js
  Line 57:6:  React Hook useEffect has a missing dependency: 'privacyKey'. Either include it or remove the dependency array  react-hooks/exhaustive-deps

src\pages\ProviderProfilePage.js
  Line 24:11:  't' is assigned a value but never used              no-unused-vars
  Line 35:10:  'newProduct' is assigned a value but never used     no-unused-vars
  Line 35:22:  'setNewProduct' is assigned a value but never used  no-unused-vars
  Line 39:10:  'newTeam' is assigned a value but never used        no-unused-vars
  Line 39:19:  'setNewTeam' is assigned a value but never used     no-unused-vars

[39m[22m

webpack compiled with [1m[33m1 warning[39m[22m
Compiling...
Failed to compile.

[eslint] 
src\pages\ProfilePage.js
  Line 121:54:  'HeartIcon' is not defined  no-undef

Search for the keywords to learn more about each error.
[1m[33mWARNING[39m[22m in [1m[eslint] 
src\components\Layout\Layout.js
  Line 26:11:  'language' is assigned a value but never used  no-unused-vars

src\pages\ProfilePage.js
  Line 57:6:  React Hook useEffect has a missing dependency: 'privacyKey'. Either include it or remove the dependency array  react-hooks/exhaustive-deps

src\pages\ProviderProfilePage.js
  Line 24:11:  't' is assigned a value but never used              no-unused-vars
  Line 35:10:  'newProduct' is assigned a value but never used     no-unused-vars
  Line 35:22:  'setNewProduct' is assigned a value but never used  no-unused-vars
  Line 39:10:  'newTeam' is assigned a value but never used        no-unused-vars
  Line 39:19:  'setNewTeam' is assigned a value but never used     no-unused-vars

[39m[22m

[1m[31mERROR[39m[22m in [1m[eslint] 
src\pages\ProfilePage.js
  Line 121:54:  'HeartIcon' is not defined  no-undef

Search for the keywords to learn more about each [1m[31merror[39m[22m[1m.[39m[22m

webpack compiled with [1m[31m1 error[39m[22m and [1m[33m1 warning[39m[22m
Compiling...
Compiled with warnings.

[eslint] 
src\components\Layout\Layout.js
  Line 26:11:  'language' is assigned a value but never used  no-unused-vars

src\pages\ProfilePage.js
  Line 58:6:  React Hook useEffect has a missing dependency: 'privacyKey'. Either include it or remove the dependency array  react-hooks/exhaustive-deps

src\pages\ProviderProfilePage.js
  Line 24:11:  't' is assigned a value but never used              no-unused-vars
  Line 35:10:  'newProduct' is assigned a value but never used     no-unused-vars
  Line 35:22:  'setNewProduct' is assigned a value but never used  no-unused-vars
  Line 39:10:  'newTeam' is assigned a value but never used        no-unused-vars
  Line 39:19:  'setNewTeam' is assigned a value but never used     no-unused-vars

Search for the keywords to learn more about each warning.
To ignore, add // eslint-disable-next-line to the line before.

[1m[33mWARNING[39m[22m in [1m[eslint] 
src\components\Layout\Layout.js
  Line 26:11:  'language' is assigned a value but never used  no-unused-vars

src\pages\ProfilePage.js
  Line 58:6:  React Hook useEffect has a missing dependency: 'privacyKey'. Either include it or remove the dependency array  react-hooks/exhaustive-deps

src\pages\ProviderProfilePage.js
  Line 24:11:  't' is assigned a value but never used              no-unused-vars
  Line 35:10:  'newProduct' is assigned a value but never used     no-unused-vars
  Line 35:22:  'setNewProduct' is assigned a value but never used  no-unused-vars
  Line 39:10:  'newTeam' is assigned a value but never used        no-unused-vars
  Line 39:19:  'setNewTeam' is assigned a value but never used     no-unused-vars

[39m[22m

webpack compiled with [1m[33m1 warning[39m[22m
Compiling...
Failed to compile.

[eslint] 
src\pages\ProfilePage.js
  Line 687:18:  'OrdersPanel' is not defined  react/jsx-no-undef
  Line 693:18:  'SavedPanel' is not defined   react/jsx-no-undef
  Line 699:18:  'BidsPanel' is not defined    react/jsx-no-undef

Search for the keywords to learn more about each error.
[1m[33mWARNING[39m[22m in [1m[eslint] 
src\components\Layout\Layout.js
  Line 26:11:  'language' is assigned a value but never used  no-unused-vars

src\pages\ProfilePage.js
  Line 58:6:  React Hook useEffect has a missing dependency: 'privacyKey'. Either include it or remove the dependency array  react-hooks/exhaustive-deps

src\pages\ProviderProfilePage.js
  Line 24:11:  't' is assigned a value but never used              no-unused-vars
  Line 35:10:  'newProduct' is assigned a value but never used     no-unused-vars
  Line 35:22:  'setNewProduct' is assigned a value but never used  no-unused-vars
  Line 39:10:  'newTeam' is assigned a value but never used        no-unused-vars
  Line 39:19:  'setNewTeam' is assigned a value but never used     no-unused-vars

[39m[22m

[1m[31mERROR[39m[22m in [1m[eslint] 
src\pages\ProfilePage.js
  Line 687:18:  'OrdersPanel' is not defined  react/jsx-no-undef
  Line 693:18:  'SavedPanel' is not defined   react/jsx-no-undef
  Line 699:18:  'BidsPanel' is not defined    react/jsx-no-undef

Search for the keywords to learn more about each [1m[31merror[39m[22m[1m.[39m[22m

webpack compiled with [1m[31m1 error[39m[22m and [1m[33m1 warning[39m[22m
Compiling...
Compiled with warnings.

[eslint] 
src\components\Layout\Layout.js
  Line 26:11:  'language' is assigned a value but never used  no-unused-vars

src\pages\ProfilePage.js
  Line 58:6:  React Hook useEffect has a missing dependency: 'privacyKey'. Either include it or remove the dependency array  react-hooks/exhaustive-deps

src\pages\ProviderProfilePage.js
  Line 24:11:  't' is assigned a value but never used              no-unused-vars
  Line 35:10:  'newProduct' is assigned a value but never used     no-unused-vars
  Line 35:22:  'setNewProduct' is assigned a value but never used  no-unused-vars
  Line 39:10:  'newTeam' is assigned a value but never used        no-unused-vars
  Line 39:19:  'setNewTeam' is assigned a value but never used     no-unused-vars

Search for the keywords to learn more about each warning.
To ignore, add // eslint-disable-next-line to the line before.

[1m[33mWARNING[39m[22m in [1m[eslint] 
src\components\Layout\Layout.js
  Line 26:11:  'language' is assigned a value but never used  no-unused-vars

src\pages\ProfilePage.js
  Line 58:6:  React Hook useEffect has a missing dependency: 'privacyKey'. Either include it or remove the dependency array  react-hooks/exhaustive-deps

src\pages\ProviderProfilePage.js
  Line 24:11:  't' is assigned a value but never used              no-unused-vars
  Line 35:10:  'newProduct' is assigned a value but never used     no-unused-vars
  Line 35:22:  'setNewProduct' is assigned a value but never used  no-unused-vars
  Line 39:10:  'newTeam' is assigned a value but never used        no-unused-vars
  Line 39:19:  'setNewTeam' is assigned a value but never used     no-unused-vars

[39m[22m

webpack compiled with [1m[33m1 warning[39m[22m
Compiling...
Compiled with warnings.

[eslint] 
src\components\Layout\Layout.js
  Line 26:11:  'language' is assigned a value but never used  no-unused-vars

src\pages\ProfilePage.js
  Line 58:6:  React Hook useEffect has a missing dependency: 'privacyKey'. Either include it or remove the dependency array  react-hooks/exhaustive-deps

src\pages\ProviderProfilePage.js
  Line 24:11:  't' is assigned a value but never used              no-unused-vars
  Line 35:10:  'newProduct' is assigned a value but never used     no-unused-vars
  Line 35:22:  'setNewProduct' is assigned a value but never used  no-unused-vars
  Line 39:10:  'newTeam' is assigned a value but never used        no-unused-vars
  Line 39:19:  'setNewTeam' is assigned a value but never used     no-unused-vars

Search for the keywords to learn more about each warning.
To ignore, add // eslint-disable-next-line to the line before.

[1m[33mWARNING[39m[22m in [1m[eslint] 
src\components\Layout\Layout.js
  Line 26:11:  'language' is assigned a value but never used  no-unused-vars

src\pages\ProfilePage.js
  Line 58:6:  React Hook useEffect has a missing dependency: 'privacyKey'. Either include it or remove the dependency array  react-hooks/exhaustive-deps

src\pages\ProviderProfilePage.js
  Line 24:11:  't' is assigned a value but never used              no-unused-vars
  Line 35:10:  'newProduct' is assigned a value but never used     no-unused-vars
  Line 35:22:  'setNewProduct' is assigned a value but never used  no-unused-vars
  Line 39:10:  'newTeam' is assigned a value but never used        no-unused-vars
  Line 39:19:  'setNewTeam' is assigned a value but never used     no-unused-vars

[39m[22m

webpack compiled with [1m[33m1 warning[39m[22m
Compiling...
Compiled with warnings.

[eslint] 
src\components\Layout\Layout.js
  Line 26:11:  'language' is assigned a value but never used  no-unused-vars

src\pages\ProfilePage.js
  Line 59:6:  React Hook useEffect has a missing dependency: 'privacyKey'. Either include it or remove the dependency array  react-hooks/exhaustive-deps

src\pages\ProviderProfilePage.js
  Line 24:11:  't' is assigned a value but never used              no-unused-vars
  Line 35:10:  'newProduct' is assigned a value but never used     no-unused-vars
  Line 35:22:  'setNewProduct' is assigned a value but never used  no-unused-vars
  Line 39:10:  'newTeam' is assigned a value but never used        no-unused-vars
  Line 39:19:  'setNewTeam' is assigned a value but never used     no-unused-vars

Search for the keywords to learn more about each warning.
To ignore, add // eslint-disable-next-line to the line before.

[1m[33mWARNING[39m[22m in [1m[eslint] 
src\components\Layout\Layout.js
  Line 26:11:  'language' is assigned a value but never used  no-unused-vars

src\pages\ProfilePage.js
  Line 59:6:  React Hook useEffect has a missing dependency: 'privacyKey'. Either include it or remove the dependency array  react-hooks/exhaustive-deps

src\pages\ProviderProfilePage.js
  Line 24:11:  't' is assigned a value but never used              no-unused-vars
  Line 35:10:  'newProduct' is assigned a value but never used     no-unused-vars
  Line 35:22:  'setNewProduct' is assigned a value but never used  no-unused-vars
  Line 39:10:  'newTeam' is assigned a value but never used        no-unused-vars
  Line 39:19:  'setNewTeam' is assigned a value but never used     no-unused-vars

[39m[22m

webpack compiled with [1m[33m1 warning[39m[22m
Compiling...
Compiled with warnings.

[eslint] 
src\components\Layout\Layout.js
  Line 26:11:  'language' is assigned a value but never used  no-unused-vars

src\pages\ProfilePage.js
  Line 59:6:  React Hook useEffect has a missing dependency: 'privacyKey'. Either include it or remove the dependency array  react-hooks/exhaustive-deps

src\pages\ProviderProfilePage.js
  Line 24:11:  't' is assigned a value but never used              no-unused-vars
  Line 35:10:  'newProduct' is assigned a value but never used     no-unused-vars
  Line 35:22:  'setNewProduct' is assigned a value but never used  no-unused-vars
  Line 39:10:  'newTeam' is assigned a value but never used        no-unused-vars
  Line 39:19:  'setNewTeam' is assigned a value but never used     no-unused-vars

Search for the keywords to learn more about each warning.
To ignore, add // eslint-disable-next-line to the line before.

[1m[33mWARNING[39m[22m in [1m[eslint] 
src\components\Layout\Layout.js
  Line 26:11:  'language' is assigned a value but never used  no-unused-vars

src\pages\ProfilePage.js
  Line 59:6:  React Hook useEffect has a missing dependency: 'privacyKey'. Either include it or remove the dependency array  react-hooks/exhaustive-deps

src\pages\ProviderProfilePage.js
  Line 24:11:  't' is assigned a value but never used              no-unused-vars
  Line 35:10:  'newProduct' is assigned a value but never used     no-unused-vars
  Line 35:22:  'setNewProduct' is assigned a value but never used  no-unused-vars
  Line 39:10:  'newTeam' is assigned a value but never used        no-unused-vars
  Line 39:19:  'setNewTeam' is assigned a value but never used     no-unused-vars

[39m[22m

webpack compiled with [1m[33m1 warning[39m[22m
Compiling...
Compiled with warnings.

[eslint] 
src\components\Layout\Layout.js
  Line 26:11:  'language' is assigned a value but never used  no-unused-vars

src\pages\ProfilePage.js
  Line 59:6:  React Hook useEffect has a missing dependency: 'privacyKey'. Either include it or remove the dependency array  react-hooks/exhaustive-deps

src\pages\ProviderProfilePage.js
  Line 24:11:  't' is assigned a value but never used              no-unused-vars
  Line 35:10:  'newProduct' is assigned a value but never used     no-unused-vars
  Line 35:22:  'setNewProduct' is assigned a value but never used  no-unused-vars
  Line 39:10:  'newTeam' is assigned a value but never used        no-unused-vars
  Line 39:19:  'setNewTeam' is assigned a value but never used     no-unused-vars

Search for the keywords to learn more about each warning.
To ignore, add // eslint-disable-next-line to the line before.

[1m[33mWARNING[39m[22m in [1m[eslint] 
src\components\Layout\Layout.js
  Line 26:11:  'language' is assigned a value but never used  no-unused-vars

src\pages\ProfilePage.js
  Line 59:6:  React Hook useEffect has a missing dependency: 'privacyKey'. Either include it or remove the dependency array  react-hooks/exhaustive-deps

src\pages\ProviderProfilePage.js
  Line 24:11:  't' is assigned a value but never used              no-unused-vars
  Line 35:10:  'newProduct' is assigned a value but never used     no-unused-vars
  Line 35:22:  'setNewProduct' is assigned a value but never used  no-unused-vars
  Line 39:10:  'newTeam' is assigned a value but never used        no-unused-vars
  Line 39:19:  'setNewTeam' is assigned a value but never used     no-unused-vars

[39m[22m

webpack compiled with [1m[33m1 warning[39m[22m
Compiling...
Compiled with warnings.

[eslint] 
src\components\Layout\Layout.js
  Line 26:11:  'language' is assigned a value but never used  no-unused-vars

src\pages\ProfilePage.js
  Line 59:6:  React Hook useEffect has a missing dependency: 'privacyKey'. Either include it or remove the dependency array  react-hooks/exhaustive-deps

src\pages\ProviderProfilePage.js
  Line 24:11:  't' is assigned a value but never used              no-unused-vars
  Line 35:10:  'newProduct' is assigned a value but never used     no-unused-vars
  Line 35:22:  'setNewProduct' is assigned a value but never used  no-unused-vars
  Line 39:10:  'newTeam' is assigned a value but never used        no-unused-vars
  Line 39:19:  'setNewTeam' is assigned a value but never used     no-unused-vars

Search for the keywords to learn more about each warning.
To ignore, add // eslint-disable-next-line to the line before.

[1m[33mWARNING[39m[22m in [1m[eslint] 
src\components\Layout\Layout.js
  Line 26:11:  'language' is assigned a value but never used  no-unused-vars

src\pages\ProfilePage.js
  Line 59:6:  React Hook useEffect has a missing dependency: 'privacyKey'. Either include it or remove the dependency array  react-hooks/exhaustive-deps

src\pages\ProviderProfilePage.js
  Line 24:11:  't' is assigned a value but never used              no-unused-vars
  Line 35:10:  'newProduct' is assigned a value but never used     no-unused-vars
  Line 35:22:  'setNewProduct' is assigned a value but never used  no-unused-vars
  Line 39:10:  'newTeam' is assigned a value but never used        no-unused-vars
  Line 39:19:  'setNewTeam' is assigned a value but never used     no-unused-vars

[39m[22m

webpack compiled with [1m[33m1 warning[39m[22m
Compiling...
Compiled with warnings.

[eslint] 
src\components\Layout\Layout.js
  Line 26:11:  'language' is assigned a value but never used  no-unused-vars

src\pages\ProfilePage.js
  Line 7:3:   'PencilIcon' is defined but never used                                                                         no-unused-vars
  Line 59:6:  React Hook useEffect has a missing dependency: 'privacyKey'. Either include it or remove the dependency array  react-hooks/exhaustive-deps

src\pages\ProviderProfilePage.js
  Line 24:11:  't' is assigned a value but never used              no-unused-vars
  Line 35:10:  'newProduct' is assigned a value but never used     no-unused-vars
  Line 35:22:  'setNewProduct' is assigned a value but never used  no-unused-vars
  Line 39:10:  'newTeam' is assigned a value but never used        no-unused-vars
  Line 39:19:  'setNewTeam' is assigned a value but never used     no-unused-vars

Search for the keywords to learn more about each warning.
To ignore, add // eslint-disable-next-line to the line before.

[1m[33mWARNING[39m[22m in [1m[eslint] 
src\components\Layout\Layout.js
  Line 26:11:  'language' is assigned a value but never used  no-unused-vars

src\pages\ProfilePage.js
  Line 7:3:   'PencilIcon' is defined but never used                                                                         no-unused-vars
  Line 59:6:  React Hook useEffect has a missing dependency: 'privacyKey'. Either include it or remove the dependency array  react-hooks/exhaustive-deps

src\pages\ProviderProfilePage.js
  Line 24:11:  't' is assigned a value but never used              no-unused-vars
  Line 35:10:  'newProduct' is assigned a value but never used     no-unused-vars
  Line 35:22:  'setNewProduct' is assigned a value but never used  no-unused-vars
  Line 39:10:  'newTeam' is assigned a value but never used        no-unused-vars
  Line 39:19:  'setNewTeam' is assigned a value but never used     no-unused-vars

[39m[22m

webpack compiled with [1m[33m1 warning[39m[22m
Compiling...
Compiled with warnings.

[eslint] 
src\components\Layout\Layout.js
  Line 26:11:  'language' is assigned a value but never used  no-unused-vars

src\pages\ProfilePage.js
  Line 7:3:   'PencilIcon' is defined but never used                                                                         no-unused-vars
  Line 59:6:  React Hook useEffect has a missing dependency: 'privacyKey'. Either include it or remove the dependency array  react-hooks/exhaustive-deps

src\pages\ProviderProfilePage.js
  Line 24:11:  't' is assigned a value but never used              no-unused-vars
  Line 35:10:  'newProduct' is assigned a value but never used     no-unused-vars
  Line 35:22:  'setNewProduct' is assigned a value but never used  no-unused-vars
  Line 39:10:  'newTeam' is assigned a value but never used        no-unused-vars
  Line 39:19:  'setNewTeam' is assigned a value but never used     no-unused-vars

Search for the keywords to learn more about each warning.
To ignore, add // eslint-disable-next-line to the line before.

[1m[33mWARNING[39m[22m in [1m[eslint] 
src\components\Layout\Layout.js
  Line 26:11:  'language' is assigned a value but never used  no-unused-vars

src\pages\ProfilePage.js
  Line 7:3:   'PencilIcon' is defined but never used                                                                         no-unused-vars
  Line 59:6:  React Hook useEffect has a missing dependency: 'privacyKey'. Either include it or remove the dependency array  react-hooks/exhaustive-deps

src\pages\ProviderProfilePage.js
  Line 24:11:  't' is assigned a value but never used              no-unused-vars
  Line 35:10:  'newProduct' is assigned a value but never used     no-unused-vars
  Line 35:22:  'setNewProduct' is assigned a value but never used  no-unused-vars
  Line 39:10:  'newTeam' is assigned a value but never used        no-unused-vars
  Line 39:19:  'setNewTeam' is assigned a value but never used     no-unused-vars

[39m[22m

webpack compiled with [1m[33m1 warning[39m[22m
Compiling...
Compiled with warnings.

[eslint] 
src\components\Layout\Layout.js
  Line 26:11:  'language' is assigned a value but never used  no-unused-vars

src\pages\ProfilePage.js
  Line 7:3:   'PencilIcon' is defined but never used                                                                         no-unused-vars
  Line 59:6:  React Hook useEffect has a missing dependency: 'privacyKey'. Either include it or remove the dependency array  react-hooks/exhaustive-deps

src\pages\ProviderProfilePage.js
  Line 24:11:  't' is assigned a value but never used              no-unused-vars
  Line 35:10:  'newProduct' is assigned a value but never used     no-unused-vars
  Line 35:22:  'setNewProduct' is assigned a value but never used  no-unused-vars
  Line 39:10:  'newTeam' is assigned a value but never used        no-unused-vars
  Line 39:19:  'setNewTeam' is assigned a value but never used     no-unused-vars

Search for the keywords to learn more about each warning.
To ignore, add // eslint-disable-next-line to the line before.

[1m[33mWARNING[39m[22m in [1m[eslint] 
src\components\Layout\Layout.js
  Line 26:11:  'language' is assigned a value but never used  no-unused-vars

src\pages\ProfilePage.js
  Line 7:3:   'PencilIcon' is defined but never used                                                                         no-unused-vars
  Line 59:6:  React Hook useEffect has a missing dependency: 'privacyKey'. Either include it or remove the dependency array  react-hooks/exhaustive-deps

src\pages\ProviderProfilePage.js
  Line 24:11:  't' is assigned a value but never used              no-unused-vars
  Line 35:10:  'newProduct' is assigned a value but never used     no-unused-vars
  Line 35:22:  'setNewProduct' is assigned a value but never used  no-unused-vars
  Line 39:10:  'newTeam' is assigned a value but never used        no-unused-vars
  Line 39:19:  'setNewTeam' is assigned a value but never used     no-unused-vars

[39m[22m

webpack compiled with [1m[33m1 warning[39m[22m
Compiling...
Compiled with warnings.

[eslint] 
src\components\Layout\Layout.js
  Line 26:11:  'language' is assigned a value but never used  no-unused-vars

src\pages\ProfilePage.js
  Line 7:3:   'PencilIcon' is defined but never used                                                                         no-unused-vars
  Line 59:6:  React Hook useEffect has a missing dependency: 'privacyKey'. Either include it or remove the dependency array  react-hooks/exhaustive-deps

src\pages\ProviderProfilePage.js
  Line 24:11:  't' is assigned a value but never used              no-unused-vars
  Line 35:10:  'newProduct' is assigned a value but never used     no-unused-vars
  Line 35:22:  'setNewProduct' is assigned a value but never used  no-unused-vars
  Line 39:10:  'newTeam' is assigned a value but never used        no-unused-vars
  Line 39:19:  'setNewTeam' is assigned a value but never used     no-unused-vars

Search for the keywords to learn more about each warning.
To ignore, add // eslint-disable-next-line to the line before.

[1m[33mWARNING[39m[22m in [1m[eslint] 
src\components\Layout\Layout.js
  Line 26:11:  'language' is assigned a value but never used  no-unused-vars

src\pages\ProfilePage.js
  Line 7:3:   'PencilIcon' is defined but never used                                                                         no-unused-vars
  Line 59:6:  React Hook useEffect has a missing dependency: 'privacyKey'. Either include it or remove the dependency array  react-hooks/exhaustive-deps

src\pages\ProviderProfilePage.js
  Line 24:11:  't' is assigned a value but never used              no-unused-vars
  Line 35:10:  'newProduct' is assigned a value but never used     no-unused-vars
  Line 35:22:  'setNewProduct' is assigned a value but never used  no-unused-vars
  Line 39:10:  'newTeam' is assigned a value but never used        no-unused-vars
  Line 39:19:  'setNewTeam' is assigned a value but never used     no-unused-vars

[39m[22m

webpack compiled with [1m[33m1 warning[39m[22m
Compiling...
Compiled with warnings.

[eslint] 
src\components\Layout\Layout.js
  Line 26:11:  'language' is assigned a value but never used  no-unused-vars

src\pages\ProfilePage.js
  Line 7:3:   'PencilIcon' is defined but never used                                                                         no-unused-vars
  Line 59:6:  React Hook useEffect has a missing dependency: 'privacyKey'. Either include it or remove the dependency array  react-hooks/exhaustive-deps

src\pages\ProviderProfilePage.js
  Line 24:11:  't' is assigned a value but never used              no-unused-vars
  Line 35:10:  'newProduct' is assigned a value but never used     no-unused-vars
  Line 35:22:  'setNewProduct' is assigned a value but never used  no-unused-vars
  Line 39:10:  'newTeam' is assigned a value but never used        no-unused-vars
  Line 39:19:  'setNewTeam' is assigned a value but never used     no-unused-vars

Search for the keywords to learn more about each warning.
To ignore, add // eslint-disable-next-line to the line before.

[1m[33mWARNING[39m[22m in [1m[eslint] 
src\components\Layout\Layout.js
  Line 26:11:  'language' is assigned a value but never used  no-unused-vars

src\pages\ProfilePage.js
  Line 7:3:   'PencilIcon' is defined but never used                                                                         no-unused-vars
  Line 59:6:  React Hook useEffect has a missing dependency: 'privacyKey'. Either include it or remove the dependency array  react-hooks/exhaustive-deps

src\pages\ProviderProfilePage.js
  Line 24:11:  't' is assigned a value but never used              no-unused-vars
  Line 35:10:  'newProduct' is assigned a value but never used     no-unused-vars
  Line 35:22:  'setNewProduct' is assigned a value but never used  no-unused-vars
  Line 39:10:  'newTeam' is assigned a value but never used        no-unused-vars
  Line 39:19:  'setNewTeam' is assigned a value but never used     no-unused-vars

[39m[22m

webpack compiled with [1m[33m1 warning[39m[22m
Compiling...
Compiled with warnings.

[eslint] 
src\components\Layout\Layout.js
  Line 26:11:  'language' is assigned a value but never used  no-unused-vars

src\pages\ProfilePage.js
  Line 7:3:   'PencilIcon' is defined but never used                                                                         no-unused-vars
  Line 59:6:  React Hook useEffect has a missing dependency: 'privacyKey'. Either include it or remove the dependency array  react-hooks/exhaustive-deps

src\pages\ProviderProfilePage.js
  Line 24:11:  't' is assigned a value but never used              no-unused-vars
  Line 35:10:  'newProduct' is assigned a value but never used     no-unused-vars
  Line 35:22:  'setNewProduct' is assigned a value but never used  no-unused-vars
  Line 39:10:  'newTeam' is assigned a value but never used        no-unused-vars
  Line 39:19:  'setNewTeam' is assigned a value but never used     no-unused-vars

Search for the keywords to learn more about each warning.
To ignore, add // eslint-disable-next-line to the line before.

[1m[33mWARNING[39m[22m in [1m[eslint] 
src\components\Layout\Layout.js
  Line 26:11:  'language' is assigned a value but never used  no-unused-vars

src\pages\ProfilePage.js
  Line 7:3:   'PencilIcon' is defined but never used                                                                         no-unused-vars
  Line 59:6:  React Hook useEffect has a missing dependency: 'privacyKey'. Either include it or remove the dependency array  react-hooks/exhaustive-deps

src\pages\ProviderProfilePage.js
  Line 24:11:  't' is assigned a value but never used              no-unused-vars
  Line 35:10:  'newProduct' is assigned a value but never used     no-unused-vars
  Line 35:22:  'setNewProduct' is assigned a value but never used  no-unused-vars
  Line 39:10:  'newTeam' is assigned a value but never used        no-unused-vars
  Line 39:19:  'setNewTeam' is assigned a value but never used     no-unused-vars

[39m[22m

webpack compiled with [1m[33m1 warning[39m[22m
Compiling...
Compiled with warnings.

[eslint] 
src\components\Layout\Layout.js
  Line 26:11:  'language' is assigned a value but never used  no-unused-vars

src\pages\AuctionsPage.js
  Line 10:3:   'CurrencyDollarIcon' is defined but never used                                                                        no-unused-vars
  Line 11:3:   'ClockIcon' is defined but never used                                                                                 no-unused-vars
  Line 12:3:   'UserIcon' is defined but never used                                                                                  no-unused-vars
  Line 220:8:  React Hook useEffect has a missing dependency: 'calculateTimeLeft'. Either include it or remove the dependency array  react-hooks/exhaustive-deps

src\pages\ProfilePage.js
  Line 7:3:   'PencilIcon' is defined but never used                                                                         no-unused-vars
  Line 59:6:  React Hook useEffect has a missing dependency: 'privacyKey'. Either include it or remove the dependency array  react-hooks/exhaustive-deps

src\pages\ProviderProfilePage.js
  Line 24:11:  't' is assigned a value but never used              no-unused-vars
  Line 35:10:  'newProduct' is assigned a value but never used     no-unused-vars
  Line 35:22:  'setNewProduct' is assigned a value but never used  no-unused-vars
  Line 39:10:  'newTeam' is assigned a value but never used        no-unused-vars
  Line 39:19:  'setNewTeam' is assigned a value but never used     no-unused-vars

Search for the keywords to learn more about each warning.
To ignore, add // eslint-disable-next-line to the line before.

[1m[33mWARNING[39m[22m in [1m[eslint] 
src\components\Layout\Layout.js
  Line 26:11:  'language' is assigned a value but never used  no-unused-vars

src\pages\AuctionsPage.js
  Line 10:3:   'CurrencyDollarIcon' is defined but never used                                                                        no-unused-vars
  Line 11:3:   'ClockIcon' is defined but never used                                                                                 no-unused-vars
  Line 12:3:   'UserIcon' is defined but never used                                                                                  no-unused-vars
  Line 220:8:  React Hook useEffect has a missing dependency: 'calculateTimeLeft'. Either include it or remove the dependency array  react-hooks/exhaustive-deps

src\pages\ProfilePage.js
  Line 7:3:   'PencilIcon' is defined but never used                                                                         no-unused-vars
  Line 59:6:  React Hook useEffect has a missing dependency: 'privacyKey'. Either include it or remove the dependency array  react-hooks/exhaustive-deps

src\pages\ProviderProfilePage.js
  Line 24:11:  't' is assigned a value but never used              no-unused-vars
  Line 35:10:  'newProduct' is assigned a value but never used     no-unused-vars
  Line 35:22:  'setNewProduct' is assigned a value but never used  no-unused-vars
  Line 39:10:  'newTeam' is assigned a value but never used        no-unused-vars
  Line 39:19:  'setNewTeam' is assigned a value but never used     no-unused-vars

[39m[22m

webpack compiled with [1m[33m1 warning[39m[22m
Compiling...
Compiled with warnings.

[eslint] 
src\components\Layout\Layout.js
  Line 26:11:  'language' is assigned a value but never used  no-unused-vars

src\pages\AuctionsPage.js
  Line 10:3:   'CurrencyDollarIcon' is defined but never used                                                                        no-unused-vars
  Line 11:3:   'ClockIcon' is defined but never used                                                                                 no-unused-vars
  Line 12:3:   'UserIcon' is defined but never used                                                                                  no-unused-vars
  Line 220:8:  React Hook useEffect has a missing dependency: 'calculateTimeLeft'. Either include it or remove the dependency array  react-hooks/exhaustive-deps

src\pages\ProfilePage.js
  Line 7:3:   'PencilIcon' is defined but never used                                                                         no-unused-vars
  Line 59:6:  React Hook useEffect has a missing dependency: 'privacyKey'. Either include it or remove the dependency array  react-hooks/exhaustive-deps

src\pages\ProviderProfilePage.js
  Line 24:11:  't' is assigned a value but never used              no-unused-vars
  Line 35:10:  'newProduct' is assigned a value but never used     no-unused-vars
  Line 35:22:  'setNewProduct' is assigned a value but never used  no-unused-vars
  Line 39:10:  'newTeam' is assigned a value but never used        no-unused-vars
  Line 39:19:  'setNewTeam' is assigned a value but never used     no-unused-vars

Search for the keywords to learn more about each warning.
To ignore, add // eslint-disable-next-line to the line before.

[1m[33mWARNING[39m[22m in [1m[eslint] 
src\components\Layout\Layout.js
  Line 26:11:  'language' is assigned a value but never used  no-unused-vars

src\pages\AuctionsPage.js
  Line 10:3:   'CurrencyDollarIcon' is defined but never used                                                                        no-unused-vars
  Line 11:3:   'ClockIcon' is defined but never used                                                                                 no-unused-vars
  Line 12:3:   'UserIcon' is defined but never used                                                                                  no-unused-vars
  Line 220:8:  React Hook useEffect has a missing dependency: 'calculateTimeLeft'. Either include it or remove the dependency array  react-hooks/exhaustive-deps

src\pages\ProfilePage.js
  Line 7:3:   'PencilIcon' is defined but never used                                                                         no-unused-vars
  Line 59:6:  React Hook useEffect has a missing dependency: 'privacyKey'. Either include it or remove the dependency array  react-hooks/exhaustive-deps

src\pages\ProviderProfilePage.js
  Line 24:11:  't' is assigned a value but never used              no-unused-vars
  Line 35:10:  'newProduct' is assigned a value but never used     no-unused-vars
  Line 35:22:  'setNewProduct' is assigned a value but never used  no-unused-vars
  Line 39:10:  'newTeam' is assigned a value but never used        no-unused-vars
  Line 39:19:  'setNewTeam' is assigned a value but never used     no-unused-vars

[39m[22m

webpack compiled with [1m[33m1 warning[39m[22m
Compiling...
Compiled with warnings.

[eslint] 
src\components\Layout\Layout.js
  Line 26:11:  'language' is assigned a value but never used  no-unused-vars

src\pages\AuctionsPage.js
  Line 10:3:   'CurrencyDollarIcon' is defined but never used                                                                        no-unused-vars
  Line 11:3:   'ClockIcon' is defined but never used                                                                                 no-unused-vars
  Line 12:3:   'UserIcon' is defined but never used                                                                                  no-unused-vars
  Line 220:8:  React Hook useEffect has a missing dependency: 'calculateTimeLeft'. Either include it or remove the dependency array  react-hooks/exhaustive-deps

src\pages\ProfilePage.js
  Line 7:3:   'PencilIcon' is defined but never used                                                                         no-unused-vars
  Line 59:6:  React Hook useEffect has a missing dependency: 'privacyKey'. Either include it or remove the dependency array  react-hooks/exhaustive-deps

src\pages\ProviderProfilePage.js
  Line 24:11:  't' is assigned a value but never used              no-unused-vars
  Line 35:10:  'newProduct' is assigned a value but never used     no-unused-vars
  Line 35:22:  'setNewProduct' is assigned a value but never used  no-unused-vars
  Line 39:10:  'newTeam' is assigned a value but never used        no-unused-vars
  Line 39:19:  'setNewTeam' is assigned a value but never used     no-unused-vars

Search for the keywords to learn more about each warning.
To ignore, add // eslint-disable-next-line to the line before.

[1m[33mWARNING[39m[22m in [1m[eslint] 
src\components\Layout\Layout.js
  Line 26:11:  'language' is assigned a value but never used  no-unused-vars

src\pages\AuctionsPage.js
  Line 10:3:   'CurrencyDollarIcon' is defined but never used                                                                        no-unused-vars
  Line 11:3:   'ClockIcon' is defined but never used                                                                                 no-unused-vars
  Line 12:3:   'UserIcon' is defined but never used                                                                                  no-unused-vars
  Line 220:8:  React Hook useEffect has a missing dependency: 'calculateTimeLeft'. Either include it or remove the dependency array  react-hooks/exhaustive-deps

src\pages\ProfilePage.js
  Line 7:3:   'PencilIcon' is defined but never used                                                                         no-unused-vars
  Line 59:6:  React Hook useEffect has a missing dependency: 'privacyKey'. Either include it or remove the dependency array  react-hooks/exhaustive-deps

src\pages\ProviderProfilePage.js
  Line 24:11:  't' is assigned a value but never used              no-unused-vars
  Line 35:10:  'newProduct' is assigned a value but never used     no-unused-vars
  Line 35:22:  'setNewProduct' is assigned a value but never used  no-unused-vars
  Line 39:10:  'newTeam' is assigned a value but never used        no-unused-vars
  Line 39:19:  'setNewTeam' is assigned a value but never used     no-unused-vars

[39m[22m

webpack compiled with [1m[33m1 warning[39m[22m
Compiling...
Compiled with warnings.

[eslint] 
src\components\Layout\Layout.js
  Line 26:11:  'language' is assigned a value but never used  no-unused-vars

src\pages\AuctionsPage.js
  Line 10:3:   'CurrencyDollarIcon' is defined but never used                                                                        no-unused-vars
  Line 11:3:   'ClockIcon' is defined but never used                                                                                 no-unused-vars
  Line 12:3:   'UserIcon' is defined but never used                                                                                  no-unused-vars
  Line 220:8:  React Hook useEffect has a missing dependency: 'calculateTimeLeft'. Either include it or remove the dependency array  react-hooks/exhaustive-deps

src\pages\ProfilePage.js
  Line 7:3:   'PencilIcon' is defined but never used                                                                         no-unused-vars
  Line 59:6:  React Hook useEffect has a missing dependency: 'privacyKey'. Either include it or remove the dependency array  react-hooks/exhaustive-deps

src\pages\ProviderProfilePage.js
  Line 24:11:  't' is assigned a value but never used              no-unused-vars
  Line 35:10:  'newProduct' is assigned a value but never used     no-unused-vars
  Line 35:22:  'setNewProduct' is assigned a value but never used  no-unused-vars
  Line 39:10:  'newTeam' is assigned a value but never used        no-unused-vars
  Line 39:19:  'setNewTeam' is assigned a value but never used     no-unused-vars

Search for the keywords to learn more about each warning.
To ignore, add // eslint-disable-next-line to the line before.

[1m[33mWARNING[39m[22m in [1m[eslint] 
src\components\Layout\Layout.js
  Line 26:11:  'language' is assigned a value but never used  no-unused-vars

src\pages\AuctionsPage.js
  Line 10:3:   'CurrencyDollarIcon' is defined but never used                                                                        no-unused-vars
  Line 11:3:   'ClockIcon' is defined but never used                                                                                 no-unused-vars
  Line 12:3:   'UserIcon' is defined but never used                                                                                  no-unused-vars
  Line 220:8:  React Hook useEffect has a missing dependency: 'calculateTimeLeft'. Either include it or remove the dependency array  react-hooks/exhaustive-deps

src\pages\ProfilePage.js
  Line 7:3:   'PencilIcon' is defined but never used                                                                         no-unused-vars
  Line 59:6:  React Hook useEffect has a missing dependency: 'privacyKey'. Either include it or remove the dependency array  react-hooks/exhaustive-deps

src\pages\ProviderProfilePage.js
  Line 24:11:  't' is assigned a value but never used              no-unused-vars
  Line 35:10:  'newProduct' is assigned a value but never used     no-unused-vars
  Line 35:22:  'setNewProduct' is assigned a value but never used  no-unused-vars
  Line 39:10:  'newTeam' is assigned a value but never used        no-unused-vars
  Line 39:19:  'setNewTeam' is assigned a value but never used     no-unused-vars

[39m[22m

webpack compiled with [1m[33m1 warning[39m[22m
Compiling...
Compiled with warnings.

[eslint] 
src\components\Layout\Layout.js
  Line 26:11:  'language' is assigned a value but never used  no-unused-vars

src\pages\AuctionsPage.js
  Line 10:3:   'CurrencyDollarIcon' is defined but never used                                                                        no-unused-vars
  Line 11:3:   'ClockIcon' is defined but never used                                                                                 no-unused-vars
  Line 12:3:   'UserIcon' is defined but never used                                                                                  no-unused-vars
  Line 220:8:  React Hook useEffect has a missing dependency: 'calculateTimeLeft'. Either include it or remove the dependency array  react-hooks/exhaustive-deps

src\pages\ProfilePage.js
  Line 7:3:   'PencilIcon' is defined but never used                                                                         no-unused-vars
  Line 59:6:  React Hook useEffect has a missing dependency: 'privacyKey'. Either include it or remove the dependency array  react-hooks/exhaustive-deps

src\pages\ProviderProfilePage.js
  Line 24:11:  't' is assigned a value but never used              no-unused-vars
  Line 35:10:  'newProduct' is assigned a value but never used     no-unused-vars
  Line 35:22:  'setNewProduct' is assigned a value but never used  no-unused-vars
  Line 39:10:  'newTeam' is assigned a value but never used        no-unused-vars
  Line 39:19:  'setNewTeam' is assigned a value but never used     no-unused-vars

Search for the keywords to learn more about each warning.
To ignore, add // eslint-disable-next-line to the line before.

[1m[33mWARNING[39m[22m in [1m[eslint] 
src\components\Layout\Layout.js
  Line 26:11:  'language' is assigned a value but never used  no-unused-vars

src\pages\AuctionsPage.js
  Line 10:3:   'CurrencyDollarIcon' is defined but never used                                                                        no-unused-vars
  Line 11:3:   'ClockIcon' is defined but never used                                                                                 no-unused-vars
  Line 12:3:   'UserIcon' is defined but never used                                                                                  no-unused-vars
  Line 220:8:  React Hook useEffect has a missing dependency: 'calculateTimeLeft'. Either include it or remove the dependency array  react-hooks/exhaustive-deps

src\pages\ProfilePage.js
  Line 7:3:   'PencilIcon' is defined but never used                                                                         no-unused-vars
  Line 59:6:  React Hook useEffect has a missing dependency: 'privacyKey'. Either include it or remove the dependency array  react-hooks/exhaustive-deps

src\pages\ProviderProfilePage.js
  Line 24:11:  't' is assigned a value but never used              no-unused-vars
  Line 35:10:  'newProduct' is assigned a value but never used     no-unused-vars
  Line 35:22:  'setNewProduct' is assigned a value but never used  no-unused-vars
  Line 39:10:  'newTeam' is assigned a value but never used        no-unused-vars
  Line 39:19:  'setNewTeam' is assigned a value but never used     no-unused-vars

[39m[22m

webpack compiled with [1m[33m1 warning[39m[22m
Compiling...
Compiled with warnings.

[eslint] 
src\components\Layout\Layout.js
  Line 26:11:  'language' is assigned a value but never used  no-unused-vars

src\pages\AuctionsPage.js
  Line 10:3:   'CurrencyDollarIcon' is defined but never used                                                                        no-unused-vars
  Line 11:3:   'ClockIcon' is defined but never used                                                                                 no-unused-vars
  Line 12:3:   'UserIcon' is defined but never used                                                                                  no-unused-vars
  Line 220:8:  React Hook useEffect has a missing dependency: 'calculateTimeLeft'. Either include it or remove the dependency array  react-hooks/exhaustive-deps

src\pages\ProfilePage.js
  Line 7:3:   'PencilIcon' is defined but never used                                                                         no-unused-vars
  Line 59:6:  React Hook useEffect has a missing dependency: 'privacyKey'. Either include it or remove the dependency array  react-hooks/exhaustive-deps

src\pages\ProviderProfilePage.js
  Line 24:11:  't' is assigned a value but never used              no-unused-vars
  Line 35:10:  'newProduct' is assigned a value but never used     no-unused-vars
  Line 35:22:  'setNewProduct' is assigned a value but never used  no-unused-vars
  Line 39:10:  'newTeam' is assigned a value but never used        no-unused-vars
  Line 39:19:  'setNewTeam' is assigned a value but never used     no-unused-vars

Search for the keywords to learn more about each warning.
To ignore, add // eslint-disable-next-line to the line before.

[1m[33mWARNING[39m[22m in [1m[eslint] 
src\components\Layout\Layout.js
  Line 26:11:  'language' is assigned a value but never used  no-unused-vars

src\pages\AuctionsPage.js
  Line 10:3:   'CurrencyDollarIcon' is defined but never used                                                                        no-unused-vars
  Line 11:3:   'ClockIcon' is defined but never used                                                                                 no-unused-vars
  Line 12:3:   'UserIcon' is defined but never used                                                                                  no-unused-vars
  Line 220:8:  React Hook useEffect has a missing dependency: 'calculateTimeLeft'. Either include it or remove the dependency array  react-hooks/exhaustive-deps

src\pages\ProfilePage.js
  Line 7:3:   'PencilIcon' is defined but never used                                                                         no-unused-vars
  Line 59:6:  React Hook useEffect has a missing dependency: 'privacyKey'. Either include it or remove the dependency array  react-hooks/exhaustive-deps

src\pages\ProviderProfilePage.js
  Line 24:11:  't' is assigned a value but never used              no-unused-vars
  Line 35:10:  'newProduct' is assigned a value but never used     no-unused-vars
  Line 35:22:  'setNewProduct' is assigned a value but never used  no-unused-vars
  Line 39:10:  'newTeam' is assigned a value but never used        no-unused-vars
  Line 39:19:  'setNewTeam' is assigned a value but never used     no-unused-vars

[39m[22m

webpack compiled with [1m[33m1 warning[39m[22m
Compiling...
Compiled with warnings.

[eslint] 
src\components\Layout\Layout.js
  Line 26:11:  'language' is assigned a value but never used  no-unused-vars

src\pages\AuctionsPage.js
  Line 10:3:   'CurrencyDollarIcon' is defined but never used                                                                        no-unused-vars
  Line 11:3:   'ClockIcon' is defined but never used                                                                                 no-unused-vars
  Line 12:3:   'UserIcon' is defined but never used                                                                                  no-unused-vars
  Line 220:8:  React Hook useEffect has a missing dependency: 'calculateTimeLeft'. Either include it or remove the dependency array  react-hooks/exhaustive-deps

src\pages\ProfilePage.js
  Line 7:3:   'PencilIcon' is defined but never used                                                                         no-unused-vars
  Line 59:6:  React Hook useEffect has a missing dependency: 'privacyKey'. Either include it or remove the dependency array  react-hooks/exhaustive-deps

src\pages\ProviderProfilePage.js
  Line 24:11:  't' is assigned a value but never used              no-unused-vars
  Line 35:10:  'newProduct' is assigned a value but never used     no-unused-vars
  Line 35:22:  'setNewProduct' is assigned a value but never used  no-unused-vars
  Line 39:10:  'newTeam' is assigned a value but never used        no-unused-vars
  Line 39:19:  'setNewTeam' is assigned a value but never used     no-unused-vars

Search for the keywords to learn more about each warning.
To ignore, add // eslint-disable-next-line to the line before.

[1m[33mWARNING[39m[22m in [1m[eslint] 
src\components\Layout\Layout.js
  Line 26:11:  'language' is assigned a value but never used  no-unused-vars

src\pages\AuctionsPage.js
  Line 10:3:   'CurrencyDollarIcon' is defined but never used                                                                        no-unused-vars
  Line 11:3:   'ClockIcon' is defined but never used                                                                                 no-unused-vars
  Line 12:3:   'UserIcon' is defined but never used                                                                                  no-unused-vars
  Line 220:8:  React Hook useEffect has a missing dependency: 'calculateTimeLeft'. Either include it or remove the dependency array  react-hooks/exhaustive-deps

src\pages\ProfilePage.js
  Line 7:3:   'PencilIcon' is defined but never used                                                                         no-unused-vars
  Line 59:6:  React Hook useEffect has a missing dependency: 'privacyKey'. Either include it or remove the dependency array  react-hooks/exhaustive-deps

src\pages\ProviderProfilePage.js
  Line 24:11:  't' is assigned a value but never used              no-unused-vars
  Line 35:10:  'newProduct' is assigned a value but never used     no-unused-vars
  Line 35:22:  'setNewProduct' is assigned a value but never used  no-unused-vars
  Line 39:10:  'newTeam' is assigned a value but never used        no-unused-vars
  Line 39:19:  'setNewTeam' is assigned a value but never used     no-unused-vars

[39m[22m

webpack compiled with [1m[33m1 warning[39m[22m
Compiling...
Compiled with warnings.

[eslint] 
src\components\Layout\Layout.js
  Line 26:11:  'language' is assigned a value but never used  no-unused-vars

src\pages\AuctionsPage.js
  Line 10:3:   'CurrencyDollarIcon' is defined but never used                                                                        no-unused-vars
  Line 11:3:   'ClockIcon' is defined but never used                                                                                 no-unused-vars
  Line 12:3:   'UserIcon' is defined but never used                                                                                  no-unused-vars
  Line 220:8:  React Hook useEffect has a missing dependency: 'calculateTimeLeft'. Either include it or remove the dependency array  react-hooks/exhaustive-deps

src\pages\ProfilePage.js
  Line 7:3:   'PencilIcon' is defined but never used                                                                         no-unused-vars
  Line 59:6:  React Hook useEffect has a missing dependency: 'privacyKey'. Either include it or remove the dependency array  react-hooks/exhaustive-deps

src\pages\ProviderProfilePage.js
  Line 24:11:  't' is assigned a value but never used              no-unused-vars
  Line 35:10:  'newProduct' is assigned a value but never used     no-unused-vars
  Line 35:22:  'setNewProduct' is assigned a value but never used  no-unused-vars
  Line 39:10:  'newTeam' is assigned a value but never used        no-unused-vars
  Line 39:19:  'setNewTeam' is assigned a value but never used     no-unused-vars

Search for the keywords to learn more about each warning.
To ignore, add // eslint-disable-next-line to the line before.

[1m[33mWARNING[39m[22m in [1m[eslint] 
src\components\Layout\Layout.js
  Line 26:11:  'language' is assigned a value but never used  no-unused-vars

src\pages\AuctionsPage.js
  Line 10:3:   'CurrencyDollarIcon' is defined but never used                                                                        no-unused-vars
  Line 11:3:   'ClockIcon' is defined but never used                                                                                 no-unused-vars
  Line 12:3:   'UserIcon' is defined but never used                                                                                  no-unused-vars
  Line 220:8:  React Hook useEffect has a missing dependency: 'calculateTimeLeft'. Either include it or remove the dependency array  react-hooks/exhaustive-deps

src\pages\ProfilePage.js
  Line 7:3:   'PencilIcon' is defined but never used                                                                         no-unused-vars
  Line 59:6:  React Hook useEffect has a missing dependency: 'privacyKey'. Either include it or remove the dependency array  react-hooks/exhaustive-deps

src\pages\ProviderProfilePage.js
  Line 24:11:  't' is assigned a value but never used              no-unused-vars
  Line 35:10:  'newProduct' is assigned a value but never used     no-unused-vars
  Line 35:22:  'setNewProduct' is assigned a value but never used  no-unused-vars
  Line 39:10:  'newTeam' is assigned a value but never used        no-unused-vars
  Line 39:19:  'setNewTeam' is assigned a value but never used     no-unused-vars

[39m[22m

webpack compiled with [1m[33m1 warning[39m[22m
Compiling...
Compiled with warnings.

[eslint] 
src\components\Layout\Layout.js
  Line 26:11:  'language' is assigned a value but never used  no-unused-vars

src\pages\AuctionsPage.js
  Line 10:3:   'CurrencyDollarIcon' is defined but never used                                                                        no-unused-vars
  Line 11:3:   'ClockIcon' is defined but never used                                                                                 no-unused-vars
  Line 12:3:   'UserIcon' is defined but never used                                                                                  no-unused-vars
  Line 220:8:  React Hook useEffect has a missing dependency: 'calculateTimeLeft'. Either include it or remove the dependency array  react-hooks/exhaustive-deps

src\pages\ProfilePage.js
  Line 7:3:   'PencilIcon' is defined but never used                                                                         no-unused-vars
  Line 59:6:  React Hook useEffect has a missing dependency: 'privacyKey'. Either include it or remove the dependency array  react-hooks/exhaustive-deps

src\pages\ProviderProfilePage.js
  Line 24:11:  't' is assigned a value but never used              no-unused-vars
  Line 35:10:  'newProduct' is assigned a value but never used     no-unused-vars
  Line 35:22:  'setNewProduct' is assigned a value but never used  no-unused-vars
  Line 39:10:  'newTeam' is assigned a value but never used        no-unused-vars
  Line 39:19:  'setNewTeam' is assigned a value but never used     no-unused-vars

Search for the keywords to learn more about each warning.
To ignore, add // eslint-disable-next-line to the line before.

[1m[33mWARNING[39m[22m in [1m[eslint] 
src\components\Layout\Layout.js
  Line 26:11:  'language' is assigned a value but never used  no-unused-vars

src\pages\AuctionsPage.js
  Line 10:3:   'CurrencyDollarIcon' is defined but never used                                                                        no-unused-vars
  Line 11:3:   'ClockIcon' is defined but never used                                                                                 no-unused-vars
  Line 12:3:   'UserIcon' is defined but never used                                                                                  no-unused-vars
  Line 220:8:  React Hook useEffect has a missing dependency: 'calculateTimeLeft'. Either include it or remove the dependency array  react-hooks/exhaustive-deps

src\pages\ProfilePage.js
  Line 7:3:   'PencilIcon' is defined but never used                                                                         no-unused-vars
  Line 59:6:  React Hook useEffect has a missing dependency: 'privacyKey'. Either include it or remove the dependency array  react-hooks/exhaustive-deps

src\pages\ProviderProfilePage.js
  Line 24:11:  't' is assigned a value but never used              no-unused-vars
  Line 35:10:  'newProduct' is assigned a value but never used     no-unused-vars
  Line 35:22:  'setNewProduct' is assigned a value but never used  no-unused-vars
  Line 39:10:  'newTeam' is assigned a value but never used        no-unused-vars
  Line 39:19:  'setNewTeam' is assigned a value but never used     no-unused-vars

[39m[22m

webpack compiled with [1m[33m1 warning[39m[22m
Compiling...
Compiled with warnings.

[eslint] 
src\components\Layout\Layout.js
  Line 26:11:  'language' is assigned a value but never used  no-unused-vars

src\pages\AuctionsPage.js
  Line 10:3:   'CurrencyDollarIcon' is defined but never used                                                                        no-unused-vars
  Line 11:3:   'ClockIcon' is defined but never used                                                                                 no-unused-vars
  Line 12:3:   'UserIcon' is defined but never used                                                                                  no-unused-vars
  Line 220:8:  React Hook useEffect has a missing dependency: 'calculateTimeLeft'. Either include it or remove the dependency array  react-hooks/exhaustive-deps

src\pages\ProfilePage.js
  Line 7:3:   'PencilIcon' is defined but never used                                                                         no-unused-vars
  Line 59:6:  React Hook useEffect has a missing dependency: 'privacyKey'. Either include it or remove the dependency array  react-hooks/exhaustive-deps

src\pages\ProviderProfilePage.js
  Line 24:11:  't' is assigned a value but never used              no-unused-vars
  Line 35:10:  'newProduct' is assigned a value but never used     no-unused-vars
  Line 35:22:  'setNewProduct' is assigned a value but never used  no-unused-vars
  Line 39:10:  'newTeam' is assigned a value but never used        no-unused-vars
  Line 39:19:  'setNewTeam' is assigned a value but never used     no-unused-vars

Search for the keywords to learn more about each warning.
To ignore, add // eslint-disable-next-line to the line before.

[1m[33mWARNING[39m[22m in [1m[eslint] 
src\components\Layout\Layout.js
  Line 26:11:  'language' is assigned a value but never used  no-unused-vars

src\pages\AuctionsPage.js
  Line 10:3:   'CurrencyDollarIcon' is defined but never used                                                                        no-unused-vars
  Line 11:3:   'ClockIcon' is defined but never used                                                                                 no-unused-vars
  Line 12:3:   'UserIcon' is defined but never used                                                                                  no-unused-vars
  Line 220:8:  React Hook useEffect has a missing dependency: 'calculateTimeLeft'. Either include it or remove the dependency array  react-hooks/exhaustive-deps

src\pages\ProfilePage.js
  Line 7:3:   'PencilIcon' is defined but never used                                                                         no-unused-vars
  Line 59:6:  React Hook useEffect has a missing dependency: 'privacyKey'. Either include it or remove the dependency array  react-hooks/exhaustive-deps

src\pages\ProviderProfilePage.js
  Line 24:11:  't' is assigned a value but never used              no-unused-vars
  Line 35:10:  'newProduct' is assigned a value but never used     no-unused-vars
  Line 35:22:  'setNewProduct' is assigned a value but never used  no-unused-vars
  Line 39:10:  'newTeam' is assigned a value but never used        no-unused-vars
  Line 39:19:  'setNewTeam' is assigned a value but never used     no-unused-vars

[39m[22m

webpack compiled with [1m[33m1 warning[39m[22m
Compiling...
Compiled with warnings.

[eslint] 
src\components\Layout\Layout.js
  Line 26:11:  'language' is assigned a value but never used  no-unused-vars

src\pages\AuctionDetailsPage.js
  Line 3:10:  'motion' is defined but never used  no-unused-vars

src\pages\AuctionsPage.js
  Line 10:3:   'CurrencyDollarIcon' is defined but never used                                                                        no-unused-vars
  Line 11:3:   'ClockIcon' is defined but never used                                                                                 no-unused-vars
  Line 12:3:   'UserIcon' is defined but never used                                                                                  no-unused-vars
  Line 220:8:  React Hook useEffect has a missing dependency: 'calculateTimeLeft'. Either include it or remove the dependency array  react-hooks/exhaustive-deps

src\pages\ProfilePage.js
  Line 7:3:   'PencilIcon' is defined but never used                                                                         no-unused-vars
  Line 59:6:  React Hook useEffect has a missing dependency: 'privacyKey'. Either include it or remove the dependency array  react-hooks/exhaustive-deps

src\pages\ProviderProfilePage.js
  Line 24:11:  't' is assigned a value but never used              no-unused-vars
  Line 35:10:  'newProduct' is assigned a value but never used     no-unused-vars
  Line 35:22:  'setNewProduct' is assigned a value but never used  no-unused-vars
  Line 39:10:  'newTeam' is assigned a value but never used        no-unused-vars
  Line 39:19:  'setNewTeam' is assigned a value but never used     no-unused-vars

Search for the keywords to learn more about each warning.
To ignore, add // eslint-disable-next-line to the line before.

[1m[33mWARNING[39m[22m in [1m[eslint] 
src\components\Layout\Layout.js
  Line 26:11:  'language' is assigned a value but never used  no-unused-vars

src\pages\AuctionDetailsPage.js
  Line 3:10:  'motion' is defined but never used  no-unused-vars

src\pages\AuctionsPage.js
  Line 10:3:   'CurrencyDollarIcon' is defined but never used                                                                        no-unused-vars
  Line 11:3:   'ClockIcon' is defined but never used                                                                                 no-unused-vars
  Line 12:3:   'UserIcon' is defined but never used                                                                                  no-unused-vars
  Line 220:8:  React Hook useEffect has a missing dependency: 'calculateTimeLeft'. Either include it or remove the dependency array  react-hooks/exhaustive-deps

src\pages\ProfilePage.js
  Line 7:3:   'PencilIcon' is defined but never used                                                                         no-unused-vars
  Line 59:6:  React Hook useEffect has a missing dependency: 'privacyKey'. Either include it or remove the dependency array  react-hooks/exhaustive-deps

src\pages\ProviderProfilePage.js
  Line 24:11:  't' is assigned a value but never used              no-unused-vars
  Line 35:10:  'newProduct' is assigned a value but never used     no-unused-vars
  Line 35:22:  'setNewProduct' is assigned a value but never used  no-unused-vars
  Line 39:10:  'newTeam' is assigned a value but never used        no-unused-vars
  Line 39:19:  'setNewTeam' is assigned a value but never used     no-unused-vars

[39m[22m

webpack compiled with [1m[33m1 warning[39m[22m
Compiling...
Compiled with warnings.

[eslint] 
src\components\Layout\Layout.js
  Line 26:11:  'language' is assigned a value but never used  no-unused-vars

src\pages\AuctionDetailsPage.js
  Line 3:10:  'motion' is defined but never used  no-unused-vars

src\pages\AuctionsPage.js
  Line 10:3:   'CurrencyDollarIcon' is defined but never used                                                                        no-unused-vars
  Line 11:3:   'ClockIcon' is defined but never used                                                                                 no-unused-vars
  Line 12:3:   'UserIcon' is defined but never used                                                                                  no-unused-vars
  Line 220:8:  React Hook useEffect has a missing dependency: 'calculateTimeLeft'. Either include it or remove the dependency array  react-hooks/exhaustive-deps

src\pages\ProfilePage.js
  Line 7:3:   'PencilIcon' is defined but never used                                                                         no-unused-vars
  Line 59:6:  React Hook useEffect has a missing dependency: 'privacyKey'. Either include it or remove the dependency array  react-hooks/exhaustive-deps

src\pages\ProviderProfilePage.js
  Line 24:11:  't' is assigned a value but never used              no-unused-vars
  Line 34:10:  'showQR' is assigned a value but never used         no-unused-vars
  Line 36:10:  'newProduct' is assigned a value but never used     no-unused-vars
  Line 36:22:  'setNewProduct' is assigned a value but never used  no-unused-vars
  Line 40:10:  'newTeam' is assigned a value but never used        no-unused-vars
  Line 40:19:  'setNewTeam' is assigned a value but never used     no-unused-vars

Search for the keywords to learn more about each warning.
To ignore, add // eslint-disable-next-line to the line before.

[1m[33mWARNING[39m[22m in [1m[eslint] 
src\components\Layout\Layout.js
  Line 26:11:  'language' is assigned a value but never used  no-unused-vars

src\pages\AuctionDetailsPage.js
  Line 3:10:  'motion' is defined but never used  no-unused-vars

src\pages\AuctionsPage.js
  Line 10:3:   'CurrencyDollarIcon' is defined but never used                                                                        no-unused-vars
  Line 11:3:   'ClockIcon' is defined but never used                                                                                 no-unused-vars
  Line 12:3:   'UserIcon' is defined but never used                                                                                  no-unused-vars
  Line 220:8:  React Hook useEffect has a missing dependency: 'calculateTimeLeft'. Either include it or remove the dependency array  react-hooks/exhaustive-deps

src\pages\ProfilePage.js
  Line 7:3:   'PencilIcon' is defined but never used                                                                         no-unused-vars
  Line 59:6:  React Hook useEffect has a missing dependency: 'privacyKey'. Either include it or remove the dependency array  react-hooks/exhaustive-deps

src\pages\ProviderProfilePage.js
  Line 24:11:  't' is assigned a value but never used              no-unused-vars
  Line 34:10:  'showQR' is assigned a value but never used         no-unused-vars
  Line 36:10:  'newProduct' is assigned a value but never used     no-unused-vars
  Line 36:22:  'setNewProduct' is assigned a value but never used  no-unused-vars
  Line 40:10:  'newTeam' is assigned a value but never used        no-unused-vars
  Line 40:19:  'setNewTeam' is assigned a value but never used     no-unused-vars

[39m[22m

webpack compiled with [1m[33m1 warning[39m[22m
Compiling...
Compiled with warnings.

[eslint] 
src\components\Layout\Layout.js
  Line 26:11:  'language' is assigned a value but never used  no-unused-vars

src\pages\AuctionDetailsPage.js
  Line 3:10:  'motion' is defined but never used  no-unused-vars

src\pages\AuctionsPage.js
  Line 10:3:   'CurrencyDollarIcon' is defined but never used                                                                        no-unused-vars
  Line 11:3:   'ClockIcon' is defined but never used                                                                                 no-unused-vars
  Line 12:3:   'UserIcon' is defined but never used                                                                                  no-unused-vars
  Line 220:8:  React Hook useEffect has a missing dependency: 'calculateTimeLeft'. Either include it or remove the dependency array  react-hooks/exhaustive-deps

src\pages\ProfilePage.js
  Line 7:3:   'PencilIcon' is defined but never used                                                                         no-unused-vars
  Line 59:6:  React Hook useEffect has a missing dependency: 'privacyKey'. Either include it or remove the dependency array  react-hooks/exhaustive-deps

src\pages\ProviderProfilePage.js
  Line 24:11:  't' is assigned a value but never used              no-unused-vars
  Line 34:10:  'showQR' is assigned a value but never used         no-unused-vars
  Line 36:10:  'newProduct' is assigned a value but never used     no-unused-vars
  Line 36:22:  'setNewProduct' is assigned a value but never used  no-unused-vars
  Line 40:10:  'newTeam' is assigned a value but never used        no-unused-vars
  Line 40:19:  'setNewTeam' is assigned a value but never used     no-unused-vars

Search for the keywords to learn more about each warning.
To ignore, add // eslint-disable-next-line to the line before.

[1m[33mWARNING[39m[22m in [1m[eslint] 
src\components\Layout\Layout.js
  Line 26:11:  'language' is assigned a value but never used  no-unused-vars

src\pages\AuctionDetailsPage.js
  Line 3:10:  'motion' is defined but never used  no-unused-vars

src\pages\AuctionsPage.js
  Line 10:3:   'CurrencyDollarIcon' is defined but never used                                                                        no-unused-vars
  Line 11:3:   'ClockIcon' is defined but never used                                                                                 no-unused-vars
  Line 12:3:   'UserIcon' is defined but never used                                                                                  no-unused-vars
  Line 220:8:  React Hook useEffect has a missing dependency: 'calculateTimeLeft'. Either include it or remove the dependency array  react-hooks/exhaustive-deps

src\pages\ProfilePage.js
  Line 7:3:   'PencilIcon' is defined but never used                                                                         no-unused-vars
  Line 59:6:  React Hook useEffect has a missing dependency: 'privacyKey'. Either include it or remove the dependency array  react-hooks/exhaustive-deps

src\pages\ProviderProfilePage.js
  Line 24:11:  't' is assigned a value but never used              no-unused-vars
  Line 34:10:  'showQR' is assigned a value but never used         no-unused-vars
  Line 36:10:  'newProduct' is assigned a value but never used     no-unused-vars
  Line 36:22:  'setNewProduct' is assigned a value but never used  no-unused-vars
  Line 40:10:  'newTeam' is assigned a value but never used        no-unused-vars
  Line 40:19:  'setNewTeam' is assigned a value but never used     no-unused-vars

[39m[22m

webpack compiled with [1m[33m1 warning[39m[22m
Compiling...
Compiled with warnings.

[eslint] 
src\components\Layout\Layout.js
  Line 26:11:  'language' is assigned a value but never used  no-unused-vars

src\pages\AuctionDetailsPage.js
  Line 3:10:  'motion' is defined but never used  no-unused-vars

src\pages\AuctionsPage.js
  Line 10:3:   'CurrencyDollarIcon' is defined but never used                                                                        no-unused-vars
  Line 11:3:   'ClockIcon' is defined but never used                                                                                 no-unused-vars
  Line 12:3:   'UserIcon' is defined but never used                                                                                  no-unused-vars
  Line 220:8:  React Hook useEffect has a missing dependency: 'calculateTimeLeft'. Either include it or remove the dependency array  react-hooks/exhaustive-deps

src\pages\ProfilePage.js
  Line 7:3:   'PencilIcon' is defined but never used                                                                         no-unused-vars
  Line 59:6:  React Hook useEffect has a missing dependency: 'privacyKey'. Either include it or remove the dependency array  react-hooks/exhaustive-deps

src\pages\ProviderProfilePage.js
  Line 24:11:  't' is assigned a value but never used              no-unused-vars
  Line 36:10:  'newProduct' is assigned a value but never used     no-unused-vars
  Line 36:22:  'setNewProduct' is assigned a value but never used  no-unused-vars
  Line 40:10:  'newTeam' is assigned a value but never used        no-unused-vars
  Line 40:19:  'setNewTeam' is assigned a value but never used     no-unused-vars

Search for the keywords to learn more about each warning.
To ignore, add // eslint-disable-next-line to the line before.

[1m[33mWARNING[39m[22m in [1m[eslint] 
src\components\Layout\Layout.js
  Line 26:11:  'language' is assigned a value but never used  no-unused-vars

src\pages\AuctionDetailsPage.js
  Line 3:10:  'motion' is defined but never used  no-unused-vars

src\pages\AuctionsPage.js
  Line 10:3:   'CurrencyDollarIcon' is defined but never used                                                                        no-unused-vars
  Line 11:3:   'ClockIcon' is defined but never used                                                                                 no-unused-vars
  Line 12:3:   'UserIcon' is defined but never used                                                                                  no-unused-vars
  Line 220:8:  React Hook useEffect has a missing dependency: 'calculateTimeLeft'. Either include it or remove the dependency array  react-hooks/exhaustive-deps

src\pages\ProfilePage.js
  Line 7:3:   'PencilIcon' is defined but never used                                                                         no-unused-vars
  Line 59:6:  React Hook useEffect has a missing dependency: 'privacyKey'. Either include it or remove the dependency array  react-hooks/exhaustive-deps

src\pages\ProviderProfilePage.js
  Line 24:11:  't' is assigned a value but never used              no-unused-vars
  Line 36:10:  'newProduct' is assigned a value but never used     no-unused-vars
  Line 36:22:  'setNewProduct' is assigned a value but never used  no-unused-vars
  Line 40:10:  'newTeam' is assigned a value but never used        no-unused-vars
  Line 40:19:  'setNewTeam' is assigned a value but never used     no-unused-vars

[39m[22m

webpack compiled with [1m[33m1 warning[39m[22m
Compiling...
Compiled with warnings.

[eslint] 
src\components\Layout\Layout.js
  Line 26:11:  'language' is assigned a value but never used  no-unused-vars

src\pages\AuctionDetailsPage.js
  Line 3:10:  'motion' is defined but never used  no-unused-vars

src\pages\AuctionsPage.js
  Line 10:3:   'CurrencyDollarIcon' is defined but never used                                                                        no-unused-vars
  Line 11:3:   'ClockIcon' is defined but never used                                                                                 no-unused-vars
  Line 12:3:   'UserIcon' is defined but never used                                                                                  no-unused-vars
  Line 220:8:  React Hook useEffect has a missing dependency: 'calculateTimeLeft'. Either include it or remove the dependency array  react-hooks/exhaustive-deps

src\pages\ProfilePage.js
  Line 7:3:   'PencilIcon' is defined but never used                                                                         no-unused-vars
  Line 59:6:  React Hook useEffect has a missing dependency: 'privacyKey'. Either include it or remove the dependency array  react-hooks/exhaustive-deps

src\pages\ProviderProfilePage.js
  Line 24:11:  't' is assigned a value but never used              no-unused-vars
  Line 36:10:  'newProduct' is assigned a value but never used     no-unused-vars
  Line 36:22:  'setNewProduct' is assigned a value but never used  no-unused-vars
  Line 40:10:  'newTeam' is assigned a value but never used        no-unused-vars
  Line 40:19:  'setNewTeam' is assigned a value but never used     no-unused-vars

Search for the keywords to learn more about each warning.
To ignore, add // eslint-disable-next-line to the line before.

[1m[33mWARNING[39m[22m in [1m[eslint] 
src\components\Layout\Layout.js
  Line 26:11:  'language' is assigned a value but never used  no-unused-vars

src\pages\AuctionDetailsPage.js
  Line 3:10:  'motion' is defined but never used  no-unused-vars

src\pages\AuctionsPage.js
  Line 10:3:   'CurrencyDollarIcon' is defined but never used                                                                        no-unused-vars
  Line 11:3:   'ClockIcon' is defined but never used                                                                                 no-unused-vars
  Line 12:3:   'UserIcon' is defined but never used                                                                                  no-unused-vars
  Line 220:8:  React Hook useEffect has a missing dependency: 'calculateTimeLeft'. Either include it or remove the dependency array  react-hooks/exhaustive-deps

src\pages\ProfilePage.js
  Line 7:3:   'PencilIcon' is defined but never used                                                                         no-unused-vars
  Line 59:6:  React Hook useEffect has a missing dependency: 'privacyKey'. Either include it or remove the dependency array  react-hooks/exhaustive-deps

src\pages\ProviderProfilePage.js
  Line 24:11:  't' is assigned a value but never used              no-unused-vars
  Line 36:10:  'newProduct' is assigned a value but never used     no-unused-vars
  Line 36:22:  'setNewProduct' is assigned a value but never used  no-unused-vars
  Line 40:10:  'newTeam' is assigned a value but never used        no-unused-vars
  Line 40:19:  'setNewTeam' is assigned a value but never used     no-unused-vars

[39m[22m

webpack compiled with [1m[33m1 warning[39m[22m
Compiling...
Compiled with warnings.

[eslint] 
src\components\Layout\Layout.js
  Line 26:11:  'language' is assigned a value but never used  no-unused-vars

src\pages\AuctionDetailsPage.js
  Line 3:10:  'motion' is defined but never used  no-unused-vars

src\pages\AuctionsPage.js
  Line 10:3:   'CurrencyDollarIcon' is defined but never used                                                                        no-unused-vars
  Line 11:3:   'ClockIcon' is defined but never used                                                                                 no-unused-vars
  Line 12:3:   'UserIcon' is defined but never used                                                                                  no-unused-vars
  Line 220:8:  React Hook useEffect has a missing dependency: 'calculateTimeLeft'. Either include it or remove the dependency array  react-hooks/exhaustive-deps

src\pages\ProfilePage.js
  Line 7:3:   'PencilIcon' is defined but never used                                                                         no-unused-vars
  Line 59:6:  React Hook useEffect has a missing dependency: 'privacyKey'. Either include it or remove the dependency array  react-hooks/exhaustive-deps

src\pages\ProviderProfilePage.js
  Line 24:11:  't' is assigned a value but never used              no-unused-vars
  Line 36:10:  'newProduct' is assigned a value but never used     no-unused-vars
  Line 36:22:  'setNewProduct' is assigned a value but never used  no-unused-vars
  Line 40:10:  'newTeam' is assigned a value but never used        no-unused-vars
  Line 40:19:  'setNewTeam' is assigned a value but never used     no-unused-vars

Search for the keywords to learn more about each warning.
To ignore, add // eslint-disable-next-line to the line before.

[1m[33mWARNING[39m[22m in [1m[eslint] 
src\components\Layout\Layout.js
  Line 26:11:  'language' is assigned a value but never used  no-unused-vars

src\pages\AuctionDetailsPage.js
  Line 3:10:  'motion' is defined but never used  no-unused-vars

src\pages\AuctionsPage.js
  Line 10:3:   'CurrencyDollarIcon' is defined but never used                                                                        no-unused-vars
  Line 11:3:   'ClockIcon' is defined but never used                                                                                 no-unused-vars
  Line 12:3:   'UserIcon' is defined but never used                                                                                  no-unused-vars
  Line 220:8:  React Hook useEffect has a missing dependency: 'calculateTimeLeft'. Either include it or remove the dependency array  react-hooks/exhaustive-deps

src\pages\ProfilePage.js
  Line 7:3:   'PencilIcon' is defined but never used                                                                         no-unused-vars
  Line 59:6:  React Hook useEffect has a missing dependency: 'privacyKey'. Either include it or remove the dependency array  react-hooks/exhaustive-deps

src\pages\ProviderProfilePage.js
  Line 24:11:  't' is assigned a value but never used              no-unused-vars
  Line 36:10:  'newProduct' is assigned a value but never used     no-unused-vars
  Line 36:22:  'setNewProduct' is assigned a value but never used  no-unused-vars
  Line 40:10:  'newTeam' is assigned a value but never used        no-unused-vars
  Line 40:19:  'setNewTeam' is assigned a value but never used     no-unused-vars

[39m[22m

webpack compiled with [1m[33m1 warning[39m[22m
Compiling...
Compiled with warnings.

[eslint] 
src\components\Layout\Layout.js
  Line 26:11:  'language' is assigned a value but never used  no-unused-vars

src\pages\AuctionDetailsPage.js
  Line 3:10:  'motion' is defined but never used  no-unused-vars

src\pages\AuctionsPage.js
  Line 10:3:   'CurrencyDollarIcon' is defined but never used                                                                        no-unused-vars
  Line 11:3:   'ClockIcon' is defined but never used                                                                                 no-unused-vars
  Line 12:3:   'UserIcon' is defined but never used                                                                                  no-unused-vars
  Line 16:10:  'apiFetch' is defined but never used                                                                                  no-unused-vars
  Line 221:8:  React Hook useEffect has a missing dependency: 'calculateTimeLeft'. Either include it or remove the dependency array  react-hooks/exhaustive-deps

src\pages\ProfilePage.js
  Line 7:3:   'PencilIcon' is defined but never used                                                                         no-unused-vars
  Line 59:6:  React Hook useEffect has a missing dependency: 'privacyKey'. Either include it or remove the dependency array  react-hooks/exhaustive-deps

src\pages\ProviderProfilePage.js
  Line 24:11:  't' is assigned a value but never used              no-unused-vars
  Line 36:10:  'newProduct' is assigned a value but never used     no-unused-vars
  Line 36:22:  'setNewProduct' is assigned a value but never used  no-unused-vars
  Line 40:10:  'newTeam' is assigned a value but never used        no-unused-vars
  Line 40:19:  'setNewTeam' is assigned a value but never used     no-unused-vars

Search for the keywords to learn more about each warning.
To ignore, add // eslint-disable-next-line to the line before.

[1m[33mWARNING[39m[22m in [1m[eslint] 
src\components\Layout\Layout.js
  Line 26:11:  'language' is assigned a value but never used  no-unused-vars

src\pages\AuctionDetailsPage.js
  Line 3:10:  'motion' is defined but never used  no-unused-vars

src\pages\AuctionsPage.js
  Line 10:3:   'CurrencyDollarIcon' is defined but never used                                                                        no-unused-vars
  Line 11:3:   'ClockIcon' is defined but never used                                                                                 no-unused-vars
  Line 12:3:   'UserIcon' is defined but never used                                                                                  no-unused-vars
  Line 16:10:  'apiFetch' is defined but never used                                                                                  no-unused-vars
  Line 221:8:  React Hook useEffect has a missing dependency: 'calculateTimeLeft'. Either include it or remove the dependency array  react-hooks/exhaustive-deps

src\pages\ProfilePage.js
  Line 7:3:   'PencilIcon' is defined but never used                                                                         no-unused-vars
  Line 59:6:  React Hook useEffect has a missing dependency: 'privacyKey'. Either include it or remove the dependency array  react-hooks/exhaustive-deps

src\pages\ProviderProfilePage.js
  Line 24:11:  't' is assigned a value but never used              no-unused-vars
  Line 36:10:  'newProduct' is assigned a value but never used     no-unused-vars
  Line 36:22:  'setNewProduct' is assigned a value but never used  no-unused-vars
  Line 40:10:  'newTeam' is assigned a value but never used        no-unused-vars
  Line 40:19:  'setNewTeam' is assigned a value but never used     no-unused-vars

[39m[22m

webpack compiled with [1m[33m1 warning[39m[22m
Compiling...
Compiled with warnings.

[eslint] 
src\components\Layout\Layout.js
  Line 26:11:  'language' is assigned a value but never used  no-unused-vars

src\pages\AuctionDetailsPage.js
  Line 3:10:  'motion' is defined but never used  no-unused-vars

src\pages\AuctionsPage.js
  Line 10:3:   'CurrencyDollarIcon' is defined but never used                                                                        no-unused-vars
  Line 11:3:   'ClockIcon' is defined but never used                                                                                 no-unused-vars
  Line 12:3:   'UserIcon' is defined but never used                                                                                  no-unused-vars
  Line 16:10:  'apiFetch' is defined but never used                                                                                  no-unused-vars
  Line 221:8:  React Hook useEffect has a missing dependency: 'calculateTimeLeft'. Either include it or remove the dependency array  react-hooks/exhaustive-deps

src\pages\ProfilePage.js
  Line 7:3:   'PencilIcon' is defined but never used                                                                         no-unused-vars
  Line 59:6:  React Hook useEffect has a missing dependency: 'privacyKey'. Either include it or remove the dependency array  react-hooks/exhaustive-deps

src\pages\ProviderProfilePage.js
  Line 24:11:  't' is assigned a value but never used              no-unused-vars
  Line 36:10:  'newProduct' is assigned a value but never used     no-unused-vars
  Line 36:22:  'setNewProduct' is assigned a value but never used  no-unused-vars
  Line 40:10:  'newTeam' is assigned a value but never used        no-unused-vars
  Line 40:19:  'setNewTeam' is assigned a value but never used     no-unused-vars

Search for the keywords to learn more about each warning.
To ignore, add // eslint-disable-next-line to the line before.

[1m[33mWARNING[39m[22m in [1m[eslint] 
src\components\Layout\Layout.js
  Line 26:11:  'language' is assigned a value but never used  no-unused-vars

src\pages\AuctionDetailsPage.js
  Line 3:10:  'motion' is defined but never used  no-unused-vars

src\pages\AuctionsPage.js
  Line 10:3:   'CurrencyDollarIcon' is defined but never used                                                                        no-unused-vars
  Line 11:3:   'ClockIcon' is defined but never used                                                                                 no-unused-vars
  Line 12:3:   'UserIcon' is defined but never used                                                                                  no-unused-vars
  Line 16:10:  'apiFetch' is defined but never used                                                                                  no-unused-vars
  Line 221:8:  React Hook useEffect has a missing dependency: 'calculateTimeLeft'. Either include it or remove the dependency array  react-hooks/exhaustive-deps

src\pages\ProfilePage.js
  Line 7:3:   'PencilIcon' is defined but never used                                                                         no-unused-vars
  Line 59:6:  React Hook useEffect has a missing dependency: 'privacyKey'. Either include it or remove the dependency array  react-hooks/exhaustive-deps

src\pages\ProviderProfilePage.js
  Line 24:11:  't' is assigned a value but never used              no-unused-vars
  Line 36:10:  'newProduct' is assigned a value but never used     no-unused-vars
  Line 36:22:  'setNewProduct' is assigned a value but never used  no-unused-vars
  Line 40:10:  'newTeam' is assigned a value but never used        no-unused-vars
  Line 40:19:  'setNewTeam' is assigned a value but never used     no-unused-vars

[39m[22m

webpack compiled with [1m[33m1 warning[39m[22m
Compiling...
Compiled with warnings.

[eslint] 
src\components\Layout\Layout.js
  Line 26:11:  'language' is assigned a value but never used  no-unused-vars

src\pages\AuctionDetailsPage.js
  Line 3:10:  'motion' is defined but never used  no-unused-vars

src\pages\AuctionsPage.js
  Line 10:3:   'CurrencyDollarIcon' is defined but never used                                                                        no-unused-vars
  Line 11:3:   'ClockIcon' is defined but never used                                                                                 no-unused-vars
  Line 12:3:   'UserIcon' is defined but never used                                                                                  no-unused-vars
  Line 16:10:  'apiFetch' is defined but never used                                                                                  no-unused-vars
  Line 221:8:  React Hook useEffect has a missing dependency: 'calculateTimeLeft'. Either include it or remove the dependency array  react-hooks/exhaustive-deps

src\pages\ProfilePage.js
  Line 7:3:   'PencilIcon' is defined but never used                                                                         no-unused-vars
  Line 59:6:  React Hook useEffect has a missing dependency: 'privacyKey'. Either include it or remove the dependency array  react-hooks/exhaustive-deps

src\pages\ProviderProfilePage.js
  Line 24:11:  't' is assigned a value but never used              no-unused-vars
  Line 36:10:  'newProduct' is assigned a value but never used     no-unused-vars
  Line 36:22:  'setNewProduct' is assigned a value but never used  no-unused-vars
  Line 40:10:  'newTeam' is assigned a value but never used        no-unused-vars
  Line 40:19:  'setNewTeam' is assigned a value but never used     no-unused-vars

Search for the keywords to learn more about each warning.
To ignore, add // eslint-disable-next-line to the line before.

[1m[33mWARNING[39m[22m in [1m[eslint] 
src\components\Layout\Layout.js
  Line 26:11:  'language' is assigned a value but never used  no-unused-vars

src\pages\AuctionDetailsPage.js
  Line 3:10:  'motion' is defined but never used  no-unused-vars

src\pages\AuctionsPage.js
  Line 10:3:   'CurrencyDollarIcon' is defined but never used                                                                        no-unused-vars
  Line 11:3:   'ClockIcon' is defined but never used                                                                                 no-unused-vars
  Line 12:3:   'UserIcon' is defined but never used                                                                                  no-unused-vars
  Line 16:10:  'apiFetch' is defined but never used                                                                                  no-unused-vars
  Line 221:8:  React Hook useEffect has a missing dependency: 'calculateTimeLeft'. Either include it or remove the dependency array  react-hooks/exhaustive-deps

src\pages\ProfilePage.js
  Line 7:3:   'PencilIcon' is defined but never used                                                                         no-unused-vars
  Line 59:6:  React Hook useEffect has a missing dependency: 'privacyKey'. Either include it or remove the dependency array  react-hooks/exhaustive-deps

src\pages\ProviderProfilePage.js
  Line 24:11:  't' is assigned a value but never used              no-unused-vars
  Line 36:10:  'newProduct' is assigned a value but never used     no-unused-vars
  Line 36:22:  'setNewProduct' is assigned a value but never used  no-unused-vars
  Line 40:10:  'newTeam' is assigned a value but never used        no-unused-vars
  Line 40:19:  'setNewTeam' is assigned a value but never used     no-unused-vars

[39m[22m

webpack compiled with [1m[33m1 warning[39m[22m
Compiling...
Compiled with warnings.

[eslint] 
src\components\Layout\Layout.js
  Line 26:11:  'language' is assigned a value but never used  no-unused-vars

src\pages\AuctionDetailsPage.js
  Line 3:10:  'motion' is defined but never used  no-unused-vars

src\pages\AuctionsPage.js
  Line 10:3:   'CurrencyDollarIcon' is defined but never used                                                                        no-unused-vars
  Line 11:3:   'ClockIcon' is defined but never used                                                                                 no-unused-vars
  Line 12:3:   'UserIcon' is defined but never used                                                                                  no-unused-vars
  Line 16:10:  'apiFetch' is defined but never used                                                                                  no-unused-vars
  Line 221:8:  React Hook useEffect has a missing dependency: 'calculateTimeLeft'. Either include it or remove the dependency array  react-hooks/exhaustive-deps

src\pages\ProfilePage.js
  Line 7:3:   'PencilIcon' is defined but never used                                                                         no-unused-vars
  Line 59:6:  React Hook useEffect has a missing dependency: 'privacyKey'. Either include it or remove the dependency array  react-hooks/exhaustive-deps

src\pages\ProviderProfilePage.js
  Line 24:11:  't' is assigned a value but never used              no-unused-vars
  Line 36:10:  'newProduct' is assigned a value but never used     no-unused-vars
  Line 36:22:  'setNewProduct' is assigned a value but never used  no-unused-vars
  Line 40:10:  'newTeam' is assigned a value but never used        no-unused-vars
  Line 40:19:  'setNewTeam' is assigned a value but never used     no-unused-vars

Search for the keywords to learn more about each warning.
To ignore, add // eslint-disable-next-line to the line before.

[1m[33mWARNING[39m[22m in [1m[eslint] 
src\components\Layout\Layout.js
  Line 26:11:  'language' is assigned a value but never used  no-unused-vars

src\pages\AuctionDetailsPage.js
  Line 3:10:  'motion' is defined but never used  no-unused-vars

src\pages\AuctionsPage.js
  Line 10:3:   'CurrencyDollarIcon' is defined but never used                                                                        no-unused-vars
  Line 11:3:   'ClockIcon' is defined but never used                                                                                 no-unused-vars
  Line 12:3:   'UserIcon' is defined but never used                                                                                  no-unused-vars
  Line 16:10:  'apiFetch' is defined but never used                                                                                  no-unused-vars
  Line 221:8:  React Hook useEffect has a missing dependency: 'calculateTimeLeft'. Either include it or remove the dependency array  react-hooks/exhaustive-deps

src\pages\ProfilePage.js
  Line 7:3:   'PencilIcon' is defined but never used                                                                         no-unused-vars
  Line 59:6:  React Hook useEffect has a missing dependency: 'privacyKey'. Either include it or remove the dependency array  react-hooks/exhaustive-deps

src\pages\ProviderProfilePage.js
  Line 24:11:  't' is assigned a value but never used              no-unused-vars
  Line 36:10:  'newProduct' is assigned a value but never used     no-unused-vars
  Line 36:22:  'setNewProduct' is assigned a value but never used  no-unused-vars
  Line 40:10:  'newTeam' is assigned a value but never used        no-unused-vars
  Line 40:19:  'setNewTeam' is assigned a value but never used     no-unused-vars

[39m[22m

webpack compiled with [1m[33m1 warning[39m[22m
Compiling...
Compiled with warnings.

[eslint] 
src\components\Layout\Layout.js
  Line 26:11:  'language' is assigned a value but never used  no-unused-vars

src\pages\AuctionDetailsPage.js
  Line 3:10:  'motion' is defined but never used  no-unused-vars

src\pages\AuctionsPage.js
  Line 10:3:   'CurrencyDollarIcon' is defined but never used                                                                        no-unused-vars
  Line 11:3:   'ClockIcon' is defined but never used                                                                                 no-unused-vars
  Line 12:3:   'UserIcon' is defined but never used                                                                                  no-unused-vars
  Line 16:10:  'apiFetch' is defined but never used                                                                                  no-unused-vars
  Line 221:8:  React Hook useEffect has a missing dependency: 'calculateTimeLeft'. Either include it or remove the dependency array  react-hooks/exhaustive-deps

src\pages\ProfilePage.js
  Line 7:3:   'PencilIcon' is defined but never used                                                                         no-unused-vars
  Line 59:6:  React Hook useEffect has a missing dependency: 'privacyKey'. Either include it or remove the dependency array  react-hooks/exhaustive-deps

src\pages\ProviderProfilePage.js
  Line 24:11:  't' is assigned a value but never used              no-unused-vars
  Line 36:10:  'newProduct' is assigned a value but never used     no-unused-vars
  Line 36:22:  'setNewProduct' is assigned a value but never used  no-unused-vars
  Line 40:10:  'newTeam' is assigned a value but never used        no-unused-vars
  Line 40:19:  'setNewTeam' is assigned a value but never used     no-unused-vars

Search for the keywords to learn more about each warning.
To ignore, add // eslint-disable-next-line to the line before.

[1m[33mWARNING[39m[22m in [1m[eslint] 
src\components\Layout\Layout.js
  Line 26:11:  'language' is assigned a value but never used  no-unused-vars

src\pages\AuctionDetailsPage.js
  Line 3:10:  'motion' is defined but never used  no-unused-vars

src\pages\AuctionsPage.js
  Line 10:3:   'CurrencyDollarIcon' is defined but never used                                                                        no-unused-vars
  Line 11:3:   'ClockIcon' is defined but never used                                                                                 no-unused-vars
  Line 12:3:   'UserIcon' is defined but never used                                                                                  no-unused-vars
  Line 16:10:  'apiFetch' is defined but never used                                                                                  no-unused-vars
  Line 221:8:  React Hook useEffect has a missing dependency: 'calculateTimeLeft'. Either include it or remove the dependency array  react-hooks/exhaustive-deps

src\pages\ProfilePage.js
  Line 7:3:   'PencilIcon' is defined but never used                                                                         no-unused-vars
  Line 59:6:  React Hook useEffect has a missing dependency: 'privacyKey'. Either include it or remove the dependency array  react-hooks/exhaustive-deps

src\pages\ProviderProfilePage.js
  Line 24:11:  't' is assigned a value but never used              no-unused-vars
  Line 36:10:  'newProduct' is assigned a value but never used     no-unused-vars
  Line 36:22:  'setNewProduct' is assigned a value but never used  no-unused-vars
  Line 40:10:  'newTeam' is assigned a value but never used        no-unused-vars
  Line 40:19:  'setNewTeam' is assigned a value but never used     no-unused-vars

[39m[22m

webpack compiled with [1m[33m1 warning[39m[22m
Compiling...
Compiled with warnings.

[eslint] 
src\components\Layout\Layout.js
  Line 26:11:  'language' is assigned a value but never used  no-unused-vars

src\pages\AuctionDetailsPage.js
  Line 3:10:  'motion' is defined but never used                                                                                         no-unused-vars
  Line 56:6:  React Hook useEffect has a missing dependency: 'location.state.auction'. Either include it or remove the dependency array  react-hooks/exhaustive-deps

src\pages\AuctionsPage.js
  Line 10:3:   'CurrencyDollarIcon' is defined but never used                                                                        no-unused-vars
  Line 11:3:   'ClockIcon' is defined but never used                                                                                 no-unused-vars
  Line 12:3:   'UserIcon' is defined but never used                                                                                  no-unused-vars
  Line 16:10:  'apiFetch' is defined but never used                                                                                  no-unused-vars
  Line 221:8:  React Hook useEffect has a missing dependency: 'calculateTimeLeft'. Either include it or remove the dependency array  react-hooks/exhaustive-deps

src\pages\ProfilePage.js
  Line 7:3:   'PencilIcon' is defined but never used                                                                         no-unused-vars
  Line 59:6:  React Hook useEffect has a missing dependency: 'privacyKey'. Either include it or remove the dependency array  react-hooks/exhaustive-deps

src\pages\ProviderProfilePage.js
  Line 24:11:  't' is assigned a value but never used              no-unused-vars
  Line 36:10:  'newProduct' is assigned a value but never used     no-unused-vars
  Line 36:22:  'setNewProduct' is assigned a value but never used  no-unused-vars
  Line 40:10:  'newTeam' is assigned a value but never used        no-unused-vars
  Line 40:19:  'setNewTeam' is assigned a value but never used     no-unused-vars

Search for the keywords to learn more about each warning.
To ignore, add // eslint-disable-next-line to the line before.

[1m[33mWARNING[39m[22m in [1m[eslint] 
src\components\Layout\Layout.js
  Line 26:11:  'language' is assigned a value but never used  no-unused-vars

src\pages\AuctionDetailsPage.js
  Line 3:10:  'motion' is defined but never used                                                                                         no-unused-vars
  Line 56:6:  React Hook useEffect has a missing dependency: 'location.state.auction'. Either include it or remove the dependency array  react-hooks/exhaustive-deps

src\pages\AuctionsPage.js
  Line 10:3:   'CurrencyDollarIcon' is defined but never used                                                                        no-unused-vars
  Line 11:3:   'ClockIcon' is defined but never used                                                                                 no-unused-vars
  Line 12:3:   'UserIcon' is defined but never used                                                                                  no-unused-vars
  Line 16:10:  'apiFetch' is defined but never used                                                                                  no-unused-vars
  Line 221:8:  React Hook useEffect has a missing dependency: 'calculateTimeLeft'. Either include it or remove the dependency array  react-hooks/exhaustive-deps

src\pages\ProfilePage.js
  Line 7:3:   'PencilIcon' is defined but never used                                                                         no-unused-vars
  Line 59:6:  React Hook useEffect has a missing dependency: 'privacyKey'. Either include it or remove the dependency array  react-hooks/exhaustive-deps

src\pages\ProviderProfilePage.js
  Line 24:11:  't' is assigned a value but never used              no-unused-vars
  Line 36:10:  'newProduct' is assigned a value but never used     no-unused-vars
  Line 36:22:  'setNewProduct' is assigned a value but never used  no-unused-vars
  Line 40:10:  'newTeam' is assigned a value but never used        no-unused-vars
  Line 40:19:  'setNewTeam' is assigned a value but never used     no-unused-vars

[39m[22m

webpack compiled with [1m[33m1 warning[39m[22m
Compiling...
Compiled with warnings.

[eslint] 
src\components\Layout\Layout.js
  Line 26:11:  'language' is assigned a value but never used  no-unused-vars

src\pages\AuctionBidsPage.js
  Line 27:5:  React Hook useEffect has a missing dependency: 'location.state?.auction'. Either include it or remove the dependency array  react-hooks/exhaustive-deps

src\pages\AuctionDetailsPage.js
  Line 3:10:  'motion' is defined but never used                                                                                         no-unused-vars
  Line 56:6:  React Hook useEffect has a missing dependency: 'location.state.auction'. Either include it or remove the dependency array  react-hooks/exhaustive-deps

src\pages\AuctionsPage.js
  Line 10:3:   'CurrencyDollarIcon' is defined but never used                                                                        no-unused-vars
  Line 11:3:   'ClockIcon' is defined but never used                                                                                 no-unused-vars
  Line 12:3:   'UserIcon' is defined but never used                                                                                  no-unused-vars
  Line 16:10:  'apiFetch' is defined but never used                                                                                  no-unused-vars
  Line 221:8:  React Hook useEffect has a missing dependency: 'calculateTimeLeft'. Either include it or remove the dependency array  react-hooks/exhaustive-deps

src\pages\ProfilePage.js
  Line 7:3:   'PencilIcon' is defined but never used                                                                         no-unused-vars
  Line 59:6:  React Hook useEffect has a missing dependency: 'privacyKey'. Either include it or remove the dependency array  react-hooks/exhaustive-deps

src\pages\ProviderProfilePage.js
  Line 24:11:  't' is assigned a value but never used              no-unused-vars
  Line 36:10:  'newProduct' is assigned a value but never used     no-unused-vars
  Line 36:22:  'setNewProduct' is assigned a value but never used  no-unused-vars
  Line 40:10:  'newTeam' is assigned a value but never used        no-unused-vars
  Line 40:19:  'setNewTeam' is assigned a value but never used     no-unused-vars

Search for the keywords to learn more about each warning.
To ignore, add // eslint-disable-next-line to the line before.

[1m[33mWARNING[39m[22m in [1m[eslint] 
src\components\Layout\Layout.js
  Line 26:11:  'language' is assigned a value but never used  no-unused-vars

src\pages\AuctionBidsPage.js
  Line 27:5:  React Hook useEffect has a missing dependency: 'location.state?.auction'. Either include it or remove the dependency array  react-hooks/exhaustive-deps

src\pages\AuctionDetailsPage.js
  Line 3:10:  'motion' is defined but never used                                                                                         no-unused-vars
  Line 56:6:  React Hook useEffect has a missing dependency: 'location.state.auction'. Either include it or remove the dependency array  react-hooks/exhaustive-deps

src\pages\AuctionsPage.js
  Line 10:3:   'CurrencyDollarIcon' is defined but never used                                                                        no-unused-vars
  Line 11:3:   'ClockIcon' is defined but never used                                                                                 no-unused-vars
  Line 12:3:   'UserIcon' is defined but never used                                                                                  no-unused-vars
  Line 16:10:  'apiFetch' is defined but never used                                                                                  no-unused-vars
  Line 221:8:  React Hook useEffect has a missing dependency: 'calculateTimeLeft'. Either include it or remove the dependency array  react-hooks/exhaustive-deps

src\pages\ProfilePage.js
  Line 7:3:   'PencilIcon' is defined but never used                                                                         no-unused-vars
  Line 59:6:  React Hook useEffect has a missing dependency: 'privacyKey'. Either include it or remove the dependency array  react-hooks/exhaustive-deps

src\pages\ProviderProfilePage.js
  Line 24:11:  't' is assigned a value but never used              no-unused-vars
  Line 36:10:  'newProduct' is assigned a value but never used     no-unused-vars
  Line 36:22:  'setNewProduct' is assigned a value but never used  no-unused-vars
  Line 40:10:  'newTeam' is assigned a value but never used        no-unused-vars
  Line 40:19:  'setNewTeam' is assigned a value but never used     no-unused-vars

[39m[22m

webpack compiled with [1m[33m1 warning[39m[22m
Compiling...
Compiled with warnings.

[eslint] 
src\components\Layout\Layout.js
  Line 26:11:  'language' is assigned a value but never used  no-unused-vars

src\pages\AuctionBidsPage.js
  Line 27:5:  React Hook useEffect has a missing dependency: 'location.state?.auction'. Either include it or remove the dependency array  react-hooks/exhaustive-deps

src\pages\AuctionDetailsPage.js
  Line 3:10:  'motion' is defined but never used                                                                                         no-unused-vars
  Line 56:6:  React Hook useEffect has a missing dependency: 'location.state.auction'. Either include it or remove the dependency array  react-hooks/exhaustive-deps

src\pages\AuctionsPage.js
  Line 10:3:   'CurrencyDollarIcon' is defined but never used                                                                        no-unused-vars
  Line 11:3:   'ClockIcon' is defined but never used                                                                                 no-unused-vars
  Line 12:3:   'UserIcon' is defined but never used                                                                                  no-unused-vars
  Line 16:10:  'apiFetch' is defined but never used                                                                                  no-unused-vars
  Line 221:8:  React Hook useEffect has a missing dependency: 'calculateTimeLeft'. Either include it or remove the dependency array  react-hooks/exhaustive-deps

src\pages\ProfilePage.js
  Line 7:3:   'PencilIcon' is defined but never used                                                                         no-unused-vars
  Line 59:6:  React Hook useEffect has a missing dependency: 'privacyKey'. Either include it or remove the dependency array  react-hooks/exhaustive-deps

src\pages\ProviderProfilePage.js
  Line 24:11:  't' is assigned a value but never used              no-unused-vars
  Line 36:10:  'newProduct' is assigned a value but never used     no-unused-vars
  Line 36:22:  'setNewProduct' is assigned a value but never used  no-unused-vars
  Line 40:10:  'newTeam' is assigned a value but never used        no-unused-vars
  Line 40:19:  'setNewTeam' is assigned a value but never used     no-unused-vars

Search for the keywords to learn more about each warning.
To ignore, add // eslint-disable-next-line to the line before.

[1m[33mWARNING[39m[22m in [1m[eslint] 
src\components\Layout\Layout.js
  Line 26:11:  'language' is assigned a value but never used  no-unused-vars

src\pages\AuctionBidsPage.js
  Line 27:5:  React Hook useEffect has a missing dependency: 'location.state?.auction'. Either include it or remove the dependency array  react-hooks/exhaustive-deps

src\pages\AuctionDetailsPage.js
  Line 3:10:  'motion' is defined but never used                                                                                         no-unused-vars
  Line 56:6:  React Hook useEffect has a missing dependency: 'location.state.auction'. Either include it or remove the dependency array  react-hooks/exhaustive-deps

src\pages\AuctionsPage.js
  Line 10:3:   'CurrencyDollarIcon' is defined but never used                                                                        no-unused-vars
  Line 11:3:   'ClockIcon' is defined but never used                                                                                 no-unused-vars
  Line 12:3:   'UserIcon' is defined but never used                                                                                  no-unused-vars
  Line 16:10:  'apiFetch' is defined but never used                                                                                  no-unused-vars
  Line 221:8:  React Hook useEffect has a missing dependency: 'calculateTimeLeft'. Either include it or remove the dependency array  react-hooks/exhaustive-deps

src\pages\ProfilePage.js
  Line 7:3:   'PencilIcon' is defined but never used                                                                         no-unused-vars
  Line 59:6:  React Hook useEffect has a missing dependency: 'privacyKey'. Either include it or remove the dependency array  react-hooks/exhaustive-deps

src\pages\ProviderProfilePage.js
  Line 24:11:  't' is assigned a value but never used              no-unused-vars
  Line 36:10:  'newProduct' is assigned a value but never used     no-unused-vars
  Line 36:22:  'setNewProduct' is assigned a value but never used  no-unused-vars
  Line 40:10:  'newTeam' is assigned a value but never used        no-unused-vars
  Line 40:19:  'setNewTeam' is assigned a value but never used     no-unused-vars

[39m[22m

webpack compiled with [1m[33m1 warning[39m[22m
Compiling...
Compiled with warnings.

[eslint] 
src\components\Layout\Layout.js
  Line 26:11:  'language' is assigned a value but never used  no-unused-vars

src\pages\AuctionBidsPage.js
  Line 27:5:  React Hook useEffect has a missing dependency: 'location.state?.auction'. Either include it or remove the dependency array  react-hooks/exhaustive-deps

src\pages\AuctionDetailsPage.js
  Line 3:10:  'motion' is defined but never used                                                                                         no-unused-vars
  Line 56:6:  React Hook useEffect has a missing dependency: 'location.state.auction'. Either include it or remove the dependency array  react-hooks/exhaustive-deps

src\pages\AuctionsPage.js
  Line 10:3:   'CurrencyDollarIcon' is defined but never used                                                                        no-unused-vars
  Line 11:3:   'ClockIcon' is defined but never used                                                                                 no-unused-vars
  Line 12:3:   'UserIcon' is defined but never used                                                                                  no-unused-vars
  Line 16:10:  'apiFetch' is defined but never used                                                                                  no-unused-vars
  Line 221:8:  React Hook useEffect has a missing dependency: 'calculateTimeLeft'. Either include it or remove the dependency array  react-hooks/exhaustive-deps

src\pages\ProfilePage.js
  Line 7:3:   'PencilIcon' is defined but never used                                                                         no-unused-vars
  Line 59:6:  React Hook useEffect has a missing dependency: 'privacyKey'. Either include it or remove the dependency array  react-hooks/exhaustive-deps

src\pages\ProviderProfilePage.js
  Line 24:11:  't' is assigned a value but never used              no-unused-vars
  Line 36:10:  'newProduct' is assigned a value but never used     no-unused-vars
  Line 36:22:  'setNewProduct' is assigned a value but never used  no-unused-vars
  Line 40:10:  'newTeam' is assigned a value but never used        no-unused-vars
  Line 40:19:  'setNewTeam' is assigned a value but never used     no-unused-vars

Search for the keywords to learn more about each warning.
To ignore, add // eslint-disable-next-line to the line before.

[1m[33mWARNING[39m[22m in [1m[eslint] 
src\components\Layout\Layout.js
  Line 26:11:  'language' is assigned a value but never used  no-unused-vars

src\pages\AuctionBidsPage.js
  Line 27:5:  React Hook useEffect has a missing dependency: 'location.state?.auction'. Either include it or remove the dependency array  react-hooks/exhaustive-deps

src\pages\AuctionDetailsPage.js
  Line 3:10:  'motion' is defined but never used                                                                                         no-unused-vars
  Line 56:6:  React Hook useEffect has a missing dependency: 'location.state.auction'. Either include it or remove the dependency array  react-hooks/exhaustive-deps

src\pages\AuctionsPage.js
  Line 10:3:   'CurrencyDollarIcon' is defined but never used                                                                        no-unused-vars
  Line 11:3:   'ClockIcon' is defined but never used                                                                                 no-unused-vars
  Line 12:3:   'UserIcon' is defined but never used                                                                                  no-unused-vars
  Line 16:10:  'apiFetch' is defined but never used                                                                                  no-unused-vars
  Line 221:8:  React Hook useEffect has a missing dependency: 'calculateTimeLeft'. Either include it or remove the dependency array  react-hooks/exhaustive-deps

src\pages\ProfilePage.js
  Line 7:3:   'PencilIcon' is defined but never used                                                                         no-unused-vars
  Line 59:6:  React Hook useEffect has a missing dependency: 'privacyKey'. Either include it or remove the dependency array  react-hooks/exhaustive-deps

src\pages\ProviderProfilePage.js
  Line 24:11:  't' is assigned a value but never used              no-unused-vars
  Line 36:10:  'newProduct' is assigned a value but never used     no-unused-vars
  Line 36:22:  'setNewProduct' is assigned a value but never used  no-unused-vars
  Line 40:10:  'newTeam' is assigned a value but never used        no-unused-vars
  Line 40:19:  'setNewTeam' is assigned a value but never used     no-unused-vars

[39m[22m

webpack compiled with [1m[33m1 warning[39m[22m
Compiling...
Compiled with warnings.

[eslint] 
src\components\Layout\Layout.js
  Line 26:11:  'language' is assigned a value but never used  no-unused-vars

src\pages\AuctionBidsPage.js
  Line 27:5:  React Hook useEffect has a missing dependency: 'location.state?.auction'. Either include it or remove the dependency array  react-hooks/exhaustive-deps

src\pages\AuctionDetailsPage.js
  Line 3:10:  'motion' is defined but never used                                                                                         no-unused-vars
  Line 56:6:  React Hook useEffect has a missing dependency: 'location.state.auction'. Either include it or remove the dependency array  react-hooks/exhaustive-deps

src\pages\AuctionsPage.js
  Line 10:3:   'CurrencyDollarIcon' is defined but never used                                                                        no-unused-vars
  Line 11:3:   'ClockIcon' is defined but never used                                                                                 no-unused-vars
  Line 12:3:   'UserIcon' is defined but never used                                                                                  no-unused-vars
  Line 16:10:  'apiFetch' is defined but never used                                                                                  no-unused-vars
  Line 221:8:  React Hook useEffect has a missing dependency: 'calculateTimeLeft'. Either include it or remove the dependency array  react-hooks/exhaustive-deps

src\pages\ProfilePage.js
  Line 7:3:   'PencilIcon' is defined but never used                                                                         no-unused-vars
  Line 59:6:  React Hook useEffect has a missing dependency: 'privacyKey'. Either include it or remove the dependency array  react-hooks/exhaustive-deps

src\pages\ProviderProfilePage.js
  Line 24:11:  't' is assigned a value but never used              no-unused-vars
  Line 36:10:  'newProduct' is assigned a value but never used     no-unused-vars
  Line 36:22:  'setNewProduct' is assigned a value but never used  no-unused-vars
  Line 40:10:  'newTeam' is assigned a value but never used        no-unused-vars
  Line 40:19:  'setNewTeam' is assigned a value but never used     no-unused-vars

Search for the keywords to learn more about each warning.
To ignore, add // eslint-disable-next-line to the line before.

[1m[33mWARNING[39m[22m in [1m[eslint] 
src\components\Layout\Layout.js
  Line 26:11:  'language' is assigned a value but never used  no-unused-vars

src\pages\AuctionBidsPage.js
  Line 27:5:  React Hook useEffect has a missing dependency: 'location.state?.auction'. Either include it or remove the dependency array  react-hooks/exhaustive-deps

src\pages\AuctionDetailsPage.js
  Line 3:10:  'motion' is defined but never used                                                                                         no-unused-vars
  Line 56:6:  React Hook useEffect has a missing dependency: 'location.state.auction'. Either include it or remove the dependency array  react-hooks/exhaustive-deps

src\pages\AuctionsPage.js
  Line 10:3:   'CurrencyDollarIcon' is defined but never used                                                                        no-unused-vars
  Line 11:3:   'ClockIcon' is defined but never used                                                                                 no-unused-vars
  Line 12:3:   'UserIcon' is defined but never used                                                                                  no-unused-vars
  Line 16:10:  'apiFetch' is defined but never used                                                                                  no-unused-vars
  Line 221:8:  React Hook useEffect has a missing dependency: 'calculateTimeLeft'. Either include it or remove the dependency array  react-hooks/exhaustive-deps

src\pages\ProfilePage.js
  Line 7:3:   'PencilIcon' is defined but never used                                                                         no-unused-vars
  Line 59:6:  React Hook useEffect has a missing dependency: 'privacyKey'. Either include it or remove the dependency array  react-hooks/exhaustive-deps

src\pages\ProviderProfilePage.js
  Line 24:11:  't' is assigned a value but never used              no-unused-vars
  Line 36:10:  'newProduct' is assigned a value but never used     no-unused-vars
  Line 36:22:  'setNewProduct' is assigned a value but never used  no-unused-vars
  Line 40:10:  'newTeam' is assigned a value but never used        no-unused-vars
  Line 40:19:  'setNewTeam' is assigned a value but never used     no-unused-vars

[39m[22m

webpack compiled with [1m[33m1 warning[39m[22m
Compiling...
Compiled with warnings.

[eslint] 
src\components\Layout\Layout.js
  Line 26:11:  'language' is assigned a value but never used  no-unused-vars

src\pages\AuctionBidsPage.js
  Line 27:5:  React Hook useEffect has a missing dependency: 'location.state?.auction'. Either include it or remove the dependency array  react-hooks/exhaustive-deps

src\pages\AuctionDetailsPage.js
  Line 3:10:  'motion' is defined but never used                                                                                         no-unused-vars
  Line 56:6:  React Hook useEffect has a missing dependency: 'location.state.auction'. Either include it or remove the dependency array  react-hooks/exhaustive-deps

src\pages\AuctionsPage.js
  Line 10:3:   'CurrencyDollarIcon' is defined but never used                                                                        no-unused-vars
  Line 11:3:   'ClockIcon' is defined but never used                                                                                 no-unused-vars
  Line 12:3:   'UserIcon' is defined but never used                                                                                  no-unused-vars
  Line 16:10:  'apiFetch' is defined but never used                                                                                  no-unused-vars
  Line 221:8:  React Hook useEffect has a missing dependency: 'calculateTimeLeft'. Either include it or remove the dependency array  react-hooks/exhaustive-deps

src\pages\ProfilePage.js
  Line 7:3:   'PencilIcon' is defined but never used                                                                         no-unused-vars
  Line 59:6:  React Hook useEffect has a missing dependency: 'privacyKey'. Either include it or remove the dependency array  react-hooks/exhaustive-deps

src\pages\ProviderProfilePage.js
  Line 24:11:  't' is assigned a value but never used              no-unused-vars
  Line 36:10:  'newProduct' is assigned a value but never used     no-unused-vars
  Line 36:22:  'setNewProduct' is assigned a value but never used  no-unused-vars
  Line 40:10:  'newTeam' is assigned a value but never used        no-unused-vars
  Line 40:19:  'setNewTeam' is assigned a value but never used     no-unused-vars

Search for the keywords to learn more about each warning.
To ignore, add // eslint-disable-next-line to the line before.

[1m[33mWARNING[39m[22m in [1m[eslint] 
src\components\Layout\Layout.js
  Line 26:11:  'language' is assigned a value but never used  no-unused-vars

src\pages\AuctionBidsPage.js
  Line 27:5:  React Hook useEffect has a missing dependency: 'location.state?.auction'. Either include it or remove the dependency array  react-hooks/exhaustive-deps

src\pages\AuctionDetailsPage.js
  Line 3:10:  'motion' is defined but never used                                                                                         no-unused-vars
  Line 56:6:  React Hook useEffect has a missing dependency: 'location.state.auction'. Either include it or remove the dependency array  react-hooks/exhaustive-deps

src\pages\AuctionsPage.js
  Line 10:3:   'CurrencyDollarIcon' is defined but never used                                                                        no-unused-vars
  Line 11:3:   'ClockIcon' is defined but never used                                                                                 no-unused-vars
  Line 12:3:   'UserIcon' is defined but never used                                                                                  no-unused-vars
  Line 16:10:  'apiFetch' is defined but never used                                                                                  no-unused-vars
  Line 221:8:  React Hook useEffect has a missing dependency: 'calculateTimeLeft'. Either include it or remove the dependency array  react-hooks/exhaustive-deps

src\pages\ProfilePage.js
  Line 7:3:   'PencilIcon' is defined but never used                                                                         no-unused-vars
  Line 59:6:  React Hook useEffect has a missing dependency: 'privacyKey'. Either include it or remove the dependency array  react-hooks/exhaustive-deps

src\pages\ProviderProfilePage.js
  Line 24:11:  't' is assigned a value but never used              no-unused-vars
  Line 36:10:  'newProduct' is assigned a value but never used     no-unused-vars
  Line 36:22:  'setNewProduct' is assigned a value but never used  no-unused-vars
  Line 40:10:  'newTeam' is assigned a value but never used        no-unused-vars
  Line 40:19:  'setNewTeam' is assigned a value but never used     no-unused-vars

[39m[22m

webpack compiled with [1m[33m1 warning[39m[22m
Compiling...
Compiled with warnings.

[eslint] 
src\components\Layout\Layout.js
  Line 26:11:  'language' is assigned a value but never used  no-unused-vars

src\pages\AuctionBidsPage.js
  Line 27:5:  React Hook useEffect has a missing dependency: 'location.state?.auction'. Either include it or remove the dependency array  react-hooks/exhaustive-deps

src\pages\AuctionDetailsPage.js
  Line 3:10:  'motion' is defined but never used                                                                                         no-unused-vars
  Line 56:6:  React Hook useEffect has a missing dependency: 'location.state.auction'. Either include it or remove the dependency array  react-hooks/exhaustive-deps

src\pages\AuctionsPage.js
  Line 10:3:   'CurrencyDollarIcon' is defined but never used                                                                        no-unused-vars
  Line 11:3:   'ClockIcon' is defined but never used                                                                                 no-unused-vars
  Line 12:3:   'UserIcon' is defined but never used                                                                                  no-unused-vars
  Line 16:10:  'apiFetch' is defined but never used                                                                                  no-unused-vars
  Line 221:8:  React Hook useEffect has a missing dependency: 'calculateTimeLeft'. Either include it or remove the dependency array  react-hooks/exhaustive-deps

src\pages\ProfilePage.js
  Line 7:3:   'PencilIcon' is defined but never used                                                                         no-unused-vars
  Line 59:6:  React Hook useEffect has a missing dependency: 'privacyKey'. Either include it or remove the dependency array  react-hooks/exhaustive-deps

src\pages\ProviderProfilePage.js
  Line 24:11:  't' is assigned a value but never used              no-unused-vars
  Line 36:10:  'newProduct' is assigned a value but never used     no-unused-vars
  Line 36:22:  'setNewProduct' is assigned a value but never used  no-unused-vars
  Line 40:10:  'newTeam' is assigned a value but never used        no-unused-vars
  Line 40:19:  'setNewTeam' is assigned a value but never used     no-unused-vars

Search for the keywords to learn more about each warning.
To ignore, add // eslint-disable-next-line to the line before.

[1m[33mWARNING[39m[22m in [1m[eslint] 
src\components\Layout\Layout.js
  Line 26:11:  'language' is assigned a value but never used  no-unused-vars

src\pages\AuctionBidsPage.js
  Line 27:5:  React Hook useEffect has a missing dependency: 'location.state?.auction'. Either include it or remove the dependency array  react-hooks/exhaustive-deps

src\pages\AuctionDetailsPage.js
  Line 3:10:  'motion' is defined but never used                                                                                         no-unused-vars
  Line 56:6:  React Hook useEffect has a missing dependency: 'location.state.auction'. Either include it or remove the dependency array  react-hooks/exhaustive-deps

src\pages\AuctionsPage.js
  Line 10:3:   'CurrencyDollarIcon' is defined but never used                                                                        no-unused-vars
  Line 11:3:   'ClockIcon' is defined but never used                                                                                 no-unused-vars
  Line 12:3:   'UserIcon' is defined but never used                                                                                  no-unused-vars
  Line 16:10:  'apiFetch' is defined but never used                                                                                  no-unused-vars
  Line 221:8:  React Hook useEffect has a missing dependency: 'calculateTimeLeft'. Either include it or remove the dependency array  react-hooks/exhaustive-deps

src\pages\ProfilePage.js
  Line 7:3:   'PencilIcon' is defined but never used                                                                         no-unused-vars
  Line 59:6:  React Hook useEffect has a missing dependency: 'privacyKey'. Either include it or remove the dependency array  react-hooks/exhaustive-deps

src\pages\ProviderProfilePage.js
  Line 24:11:  't' is assigned a value but never used              no-unused-vars
  Line 36:10:  'newProduct' is assigned a value but never used     no-unused-vars
  Line 36:22:  'setNewProduct' is assigned a value but never used  no-unused-vars
  Line 40:10:  'newTeam' is assigned a value but never used        no-unused-vars
  Line 40:19:  'setNewTeam' is assigned a value but never used     no-unused-vars

[39m[22m

webpack compiled with [1m[33m1 warning[39m[22m
Compiling...
Compiled with warnings.

[eslint] 
src\components\Layout\Layout.js
  Line 26:11:  'language' is assigned a value but never used  no-unused-vars

src\pages\AuctionBidsPage.js
  Line 27:5:  React Hook useEffect has a missing dependency: 'location.state?.auction'. Either include it or remove the dependency array  react-hooks/exhaustive-deps

src\pages\AuctionDetailsPage.js
  Line 3:10:  'motion' is defined but never used                                                                                         no-unused-vars
  Line 56:6:  React Hook useEffect has a missing dependency: 'location.state.auction'. Either include it or remove the dependency array  react-hooks/exhaustive-deps

src\pages\AuctionsPage.js
  Line 10:3:   'CurrencyDollarIcon' is defined but never used                                                                        no-unused-vars
  Line 11:3:   'ClockIcon' is defined but never used                                                                                 no-unused-vars
  Line 12:3:   'UserIcon' is defined but never used                                                                                  no-unused-vars
  Line 16:10:  'apiFetch' is defined but never used                                                                                  no-unused-vars
  Line 221:8:  React Hook useEffect has a missing dependency: 'calculateTimeLeft'. Either include it or remove the dependency array  react-hooks/exhaustive-deps

src\pages\ProfilePage.js
  Line 7:3:   'PencilIcon' is defined but never used                                                                         no-unused-vars
  Line 59:6:  React Hook useEffect has a missing dependency: 'privacyKey'. Either include it or remove the dependency array  react-hooks/exhaustive-deps

src\pages\ProviderProfilePage.js
  Line 24:11:  't' is assigned a value but never used              no-unused-vars
  Line 36:10:  'newProduct' is assigned a value but never used     no-unused-vars
  Line 36:22:  'setNewProduct' is assigned a value but never used  no-unused-vars
  Line 40:10:  'newTeam' is assigned a value but never used        no-unused-vars
  Line 40:19:  'setNewTeam' is assigned a value but never used     no-unused-vars

Search for the keywords to learn more about each warning.
To ignore, add // eslint-disable-next-line to the line before.

[1m[33mWARNING[39m[22m in [1m[eslint] 
src\components\Layout\Layout.js
  Line 26:11:  'language' is assigned a value but never used  no-unused-vars

src\pages\AuctionBidsPage.js
  Line 27:5:  React Hook useEffect has a missing dependency: 'location.state?.auction'. Either include it or remove the dependency array  react-hooks/exhaustive-deps

src\pages\AuctionDetailsPage.js
  Line 3:10:  'motion' is defined but never used                                                                                         no-unused-vars
  Line 56:6:  React Hook useEffect has a missing dependency: 'location.state.auction'. Either include it or remove the dependency array  react-hooks/exhaustive-deps

src\pages\AuctionsPage.js
  Line 10:3:   'CurrencyDollarIcon' is defined but never used                                                                        no-unused-vars
  Line 11:3:   'ClockIcon' is defined but never used                                                                                 no-unused-vars
  Line 12:3:   'UserIcon' is defined but never used                                                                                  no-unused-vars
  Line 16:10:  'apiFetch' is defined but never used                                                                                  no-unused-vars
  Line 221:8:  React Hook useEffect has a missing dependency: 'calculateTimeLeft'. Either include it or remove the dependency array  react-hooks/exhaustive-deps

src\pages\ProfilePage.js
  Line 7:3:   'PencilIcon' is defined but never used                                                                         no-unused-vars
  Line 59:6:  React Hook useEffect has a missing dependency: 'privacyKey'. Either include it or remove the dependency array  react-hooks/exhaustive-deps

src\pages\ProviderProfilePage.js
  Line 24:11:  't' is assigned a value but never used              no-unused-vars
  Line 36:10:  'newProduct' is assigned a value but never used     no-unused-vars
  Line 36:22:  'setNewProduct' is assigned a value but never used  no-unused-vars
  Line 40:10:  'newTeam' is assigned a value but never used        no-unused-vars
  Line 40:19:  'setNewTeam' is assigned a value but never used     no-unused-vars

[39m[22m

webpack compiled with [1m[33m1 warning[39m[22m
Compiling...
Compiled with warnings.

[eslint] 
src\components\Layout\Layout.js
  Line 26:11:  'language' is assigned a value but never used  no-unused-vars

src\pages\AuctionBidsPage.js
  Line 27:5:  React Hook useEffect has a missing dependency: 'location.state?.auction'. Either include it or remove the dependency array  react-hooks/exhaustive-deps

src\pages\AuctionDetailsPage.js
  Line 3:10:  'motion' is defined but never used                                                                                         no-unused-vars
  Line 56:6:  React Hook useEffect has a missing dependency: 'location.state.auction'. Either include it or remove the dependency array  react-hooks/exhaustive-deps

src\pages\AuctionsPage.js
  Line 10:3:   'CurrencyDollarIcon' is defined but never used                                                                        no-unused-vars
  Line 11:3:   'ClockIcon' is defined but never used                                                                                 no-unused-vars
  Line 12:3:   'UserIcon' is defined but never used                                                                                  no-unused-vars
  Line 16:10:  'apiFetch' is defined but never used                                                                                  no-unused-vars
  Line 221:8:  React Hook useEffect has a missing dependency: 'calculateTimeLeft'. Either include it or remove the dependency array  react-hooks/exhaustive-deps

src\pages\ProfilePage.js
  Line 7:3:   'PencilIcon' is defined but never used                                                                         no-unused-vars
  Line 59:6:  React Hook useEffect has a missing dependency: 'privacyKey'. Either include it or remove the dependency array  react-hooks/exhaustive-deps

src\pages\ProviderProfilePage.js
  Line 24:11:  't' is assigned a value but never used              no-unused-vars
  Line 36:10:  'newProduct' is assigned a value but never used     no-unused-vars
  Line 36:22:  'setNewProduct' is assigned a value but never used  no-unused-vars
  Line 40:10:  'newTeam' is assigned a value but never used        no-unused-vars
  Line 40:19:  'setNewTeam' is assigned a value but never used     no-unused-vars

Search for the keywords to learn more about each warning.
To ignore, add // eslint-disable-next-line to the line before.

[1m[33mWARNING[39m[22m in [1m[eslint] 
src\components\Layout\Layout.js
  Line 26:11:  'language' is assigned a value but never used  no-unused-vars

src\pages\AuctionBidsPage.js
  Line 27:5:  React Hook useEffect has a missing dependency: 'location.state?.auction'. Either include it or remove the dependency array  react-hooks/exhaustive-deps

src\pages\AuctionDetailsPage.js
  Line 3:10:  'motion' is defined but never used                                                                                         no-unused-vars
  Line 56:6:  React Hook useEffect has a missing dependency: 'location.state.auction'. Either include it or remove the dependency array  react-hooks/exhaustive-deps

src\pages\AuctionsPage.js
  Line 10:3:   'CurrencyDollarIcon' is defined but never used                                                                        no-unused-vars
  Line 11:3:   'ClockIcon' is defined but never used                                                                                 no-unused-vars
  Line 12:3:   'UserIcon' is defined but never used                                                                                  no-unused-vars
  Line 16:10:  'apiFetch' is defined but never used                                                                                  no-unused-vars
  Line 221:8:  React Hook useEffect has a missing dependency: 'calculateTimeLeft'. Either include it or remove the dependency array  react-hooks/exhaustive-deps

src\pages\ProfilePage.js
  Line 7:3:   'PencilIcon' is defined but never used                                                                         no-unused-vars
  Line 59:6:  React Hook useEffect has a missing dependency: 'privacyKey'. Either include it or remove the dependency array  react-hooks/exhaustive-deps

src\pages\ProviderProfilePage.js
  Line 24:11:  't' is assigned a value but never used              no-unused-vars
  Line 36:10:  'newProduct' is assigned a value but never used     no-unused-vars
  Line 36:22:  'setNewProduct' is assigned a value but never used  no-unused-vars
  Line 40:10:  'newTeam' is assigned a value but never used        no-unused-vars
  Line 40:19:  'setNewTeam' is assigned a value but never used     no-unused-vars

[39m[22m

webpack compiled with [1m[33m1 warning[39m[22m
Compiling...
Compiled with warnings.

[eslint] 
src\components\Layout\Layout.js
  Line 26:11:  'language' is assigned a value but never used  no-unused-vars

src\pages\AuctionBidsPage.js
  Line 27:5:  React Hook useEffect has a missing dependency: 'location.state?.auction'. Either include it or remove the dependency array  react-hooks/exhaustive-deps

src\pages\AuctionDetailsPage.js
  Line 3:10:  'motion' is defined but never used                                                                                         no-unused-vars
  Line 56:6:  React Hook useEffect has a missing dependency: 'location.state.auction'. Either include it or remove the dependency array  react-hooks/exhaustive-deps

src\pages\AuctionsPage.js
  Line 10:3:   'CurrencyDollarIcon' is defined but never used                                                                        no-unused-vars
  Line 11:3:   'ClockIcon' is defined but never used                                                                                 no-unused-vars
  Line 12:3:   'UserIcon' is defined but never used                                                                                  no-unused-vars
  Line 16:10:  'apiFetch' is defined but never used                                                                                  no-unused-vars
  Line 221:8:  React Hook useEffect has a missing dependency: 'calculateTimeLeft'. Either include it or remove the dependency array  react-hooks/exhaustive-deps

src\pages\CreateAuctionPage.js
  Line 23:23:  'setAntiSniping' is assigned a value but never used          no-unused-vars
  Line 24:23:  'setExtendByMin' is assigned a value but never used          no-unused-vars
  Line 25:21:  'setInLastMin' is assigned a value but never used            no-unused-vars
  Line 28:26:  'setRequireDeposit' is assigned a value but never used       no-unused-vars
  Line 29:25:  'setDepositAmount' is assigned a value but never used        no-unused-vars
  Line 32:20:  'setNotify15' is assigned a value but never used             no-unused-vars
  Line 33:19:  'setNotify5' is assigned a value but never used              no-unused-vars
  Line 34:19:  'setNotify1' is assigned a value but never used              no-unused-vars
  Line 35:24:  'setChannelInApp' is assigned a value but never used         no-unused-vars
  Line 36:24:  'setChannelEmail' is assigned a value but never used         no-unused-vars
  Line 37:22:  'setChannelSms' is assigned a value but never used           no-unused-vars
  Line 38:21:  'setChannelWa' is assigned a value but never used            no-unused-vars
  Line 41:23:  'setFulfillment' is assigned a value but never used          no-unused-vars
  Line 42:31:  'setFulfillmentLocation' is assigned a value but never used  no-unused-vars
  Line 43:21:  'setExtraFees' is assigned a value but never used            no-unused-vars
  Line 44:23:  'setPoliciesRef' is assigned a value but never used          no-unused-vars

src\pages\ProfilePage.js
  Line 7:3:   'PencilIcon' is defined but never used                                                                         no-unused-vars
  Line 59:6:  React Hook useEffect has a missing dependency: 'privacyKey'. Either include it or remove the dependency array  react-hooks/exhaustive-deps

src\pages\ProviderProfilePage.js
  Line 24:11:  't' is assigned a value but never used              no-unused-vars
  Line 36:10:  'newProduct' is assigned a value but never used     no-unused-vars
  Line 36:22:  'setNewProduct' is assigned a value but never used  no-unused-vars
  Line 40:10:  'newTeam' is assigned a value but never used        no-unused-vars
  Line 40:19:  'setNewTeam' is assigned a value but never used     no-unused-vars

Search for the keywords to learn more about each warning.
To ignore, add // eslint-disable-next-line to the line before.

[1m[33mWARNING[39m[22m in [1m[eslint] 
src\components\Layout\Layout.js
  Line 26:11:  'language' is assigned a value but never used  no-unused-vars

src\pages\AuctionBidsPage.js
  Line 27:5:  React Hook useEffect has a missing dependency: 'location.state?.auction'. Either include it or remove the dependency array  react-hooks/exhaustive-deps

src\pages\AuctionDetailsPage.js
  Line 3:10:  'motion' is defined but never used                                                                                         no-unused-vars
  Line 56:6:  React Hook useEffect has a missing dependency: 'location.state.auction'. Either include it or remove the dependency array  react-hooks/exhaustive-deps

src\pages\AuctionsPage.js
  Line 10:3:   'CurrencyDollarIcon' is defined but never used                                                                        no-unused-vars
  Line 11:3:   'ClockIcon' is defined but never used                                                                                 no-unused-vars
  Line 12:3:   'UserIcon' is defined but never used                                                                                  no-unused-vars
  Line 16:10:  'apiFetch' is defined but never used                                                                                  no-unused-vars
  Line 221:8:  React Hook useEffect has a missing dependency: 'calculateTimeLeft'. Either include it or remove the dependency array  react-hooks/exhaustive-deps

src\pages\CreateAuctionPage.js
  Line 23:23:  'setAntiSniping' is assigned a value but never used          no-unused-vars
  Line 24:23:  'setExtendByMin' is assigned a value but never used          no-unused-vars
  Line 25:21:  'setInLastMin' is assigned a value but never used            no-unused-vars
  Line 28:26:  'setRequireDeposit' is assigned a value but never used       no-unused-vars
  Line 29:25:  'setDepositAmount' is assigned a value but never used        no-unused-vars
  Line 32:20:  'setNotify15' is assigned a value but never used             no-unused-vars
  Line 33:19:  'setNotify5' is assigned a value but never used              no-unused-vars
  Line 34:19:  'setNotify1' is assigned a value but never used              no-unused-vars
  Line 35:24:  'setChannelInApp' is assigned a value but never used         no-unused-vars
  Line 36:24:  'setChannelEmail' is assigned a value but never used         no-unused-vars
  Line 37:22:  'setChannelSms' is assigned a value but never used           no-unused-vars
  Line 38:21:  'setChannelWa' is assigned a value but never used            no-unused-vars
  Line 41:23:  'setFulfillment' is assigned a value but never used          no-unused-vars
  Line 42:31:  'setFulfillmentLocation' is assigned a value but never used  no-unused-vars
  Line 43:21:  'setExtraFees' is assigned a value but never used            no-unused-vars
  Line 44:23:  'setPoliciesRef' is assigned a value but never used          no-unused-vars

src\pages\ProfilePage.js
  Line 7:3:   'PencilIcon' is defined but never used                                                                         no-unused-vars
  Line 59:6:  React Hook useEffect has a missing dependency: 'privacyKey'. Either include it or remove the dependency array  react-hooks/exhaustive-deps

src\pages\ProviderProfilePage.js
  Line 24:11:  't' is assigned a value but never used              no-unused-vars
  Line 36:10:  'newProduct' is assigned a value but never used     no-unused-vars
  Line 36:22:  'setNewProduct' is assigned a value but never used  no-unused-vars
  Line 40:10:  'newTeam' is assigned a value but never used        no-unused-vars
  Line 40:19:  'setNewTeam' is assigned a value but never used     no-unused-vars

[39m[22m

webpack compiled with [1m[33m1 warning[39m[22m
Compiling...
Failed to compile.

[eslint] 
src\pages\CreateAuctionPage.js
Syntax error: Expected corresponding JSX closing tag for <form>. (231:10) (231:10)
[1m[33mWARNING[39m[22m in [1m[eslint] 
src\components\Layout\Layout.js
  Line 26:11:  'language' is assigned a value but never used  no-unused-vars

src\pages\AuctionBidsPage.js
  Line 27:5:  React Hook useEffect has a missing dependency: 'location.state?.auction'. Either include it or remove the dependency array  react-hooks/exhaustive-deps

src\pages\AuctionDetailsPage.js
  Line 3:10:  'motion' is defined but never used                                                                                         no-unused-vars
  Line 56:6:  React Hook useEffect has a missing dependency: 'location.state.auction'. Either include it or remove the dependency array  react-hooks/exhaustive-deps

src\pages\AuctionsPage.js
  Line 10:3:   'CurrencyDollarIcon' is defined but never used                                                                        no-unused-vars
  Line 11:3:   'ClockIcon' is defined but never used                                                                                 no-unused-vars
  Line 12:3:   'UserIcon' is defined but never used                                                                                  no-unused-vars
  Line 16:10:  'apiFetch' is defined but never used                                                                                  no-unused-vars
  Line 221:8:  React Hook useEffect has a missing dependency: 'calculateTimeLeft'. Either include it or remove the dependency array  react-hooks/exhaustive-deps

src\pages\ProfilePage.js
  Line 7:3:   'PencilIcon' is defined but never used                                                                         no-unused-vars
  Line 59:6:  React Hook useEffect has a missing dependency: 'privacyKey'. Either include it or remove the dependency array  react-hooks/exhaustive-deps

src\pages\ProviderProfilePage.js
  Line 24:11:  't' is assigned a value but never used              no-unused-vars
  Line 36:10:  'newProduct' is assigned a value but never used     no-unused-vars
  Line 36:22:  'setNewProduct' is assigned a value but never used  no-unused-vars
  Line 40:10:  'newTeam' is assigned a value but never used        no-unused-vars
  Line 40:19:  'setNewTeam' is assigned a value but never used     no-unused-vars

[39m[22m

[1m[31mERROR[39m[22m in [1m./src/pages/CreateAuctionPage.js[39m[22m
Module build failed (from ./node_modules/babel-loader/lib/index.js):
SyntaxError: C:\Users\life5\OneDrive\Desktop\Hodhod\src\pages\CreateAuctionPage.js: Expected corresponding JSX closing tag for <form>. (231:10)

[0m [90m 229 |[39m             [33m<[39m[33mbutton[39m type[33m=[39m[32m"submit"[39m className[33m=[39m[32m"btn-primary"[39m disabled[33m=[39m{submitting}[33m>[39m{submitting [33m?[39m [32m'Creating…'[39m [33m:[39m [32m'Create auction'[39m}[33m<[39m[33m/[39m[33mbutton[39m[33m>[39m
 [90m 230 |[39m             [33m<[39m[33mbutton[39m type[33m=[39m[32m"button"[39m className[33m=[39m[32m"btn-outline"[39m onClick[33m=[39m{() [33m=>[39m navigate([32m'/auctions'[39m)}[33m>[39m[33mCancel[39m[33m<[39m[33m/[39m[33mbutton[39m[33m>[39m
[31m[1m>[22m[39m[90m 231 |[39m           [33m<[39m[33m/[39m[33mdiv[39m[33m>[39m
 [90m     |[39m           [31m[1m^[22m[39m
 [90m 232 |[39m         [33m<[39m[33m/[39m[33mform[39m[33m>[39m
 [90m 233 |[39m       [33m<[39m[33m/[39m[33mdiv[39m[33m>[39m
 [90m 234 |[39m     [33m<[39m[33m/[39m[33mdiv[39m[33m>[39m[0m
    at constructor (C:\Users\life5\OneDrive\Desktop\Hodhod\node_modules\@babel\parser\lib\index.js:367:19)
    at FlowParserMixin.raise (C:\Users\life5\OneDrive\Desktop\Hodhod\node_modules\@babel\parser\lib\index.js:6627:19)
    at FlowParserMixin.jsxParseElementAt (C:\Users\life5\OneDrive\Desktop\Hodhod\node_modules\@babel\parser\lib\index.js:4757:16)
    at FlowParserMixin.jsxParseElementAt (C:\Users\life5\OneDrive\Desktop\Hodhod\node_modules\@babel\parser\lib\index.js:4728:32)
    at FlowParserMixin.jsxParseElementAt (C:\Users\life5\OneDrive\Desktop\Hodhod\node_modules\@babel\parser\lib\index.js:4728:32)
    at FlowParserMixin.jsxParseElement (C:\Users\life5\OneDrive\Desktop\Hodhod\node_modules\@babel\parser\lib\index.js:4779:17)
    at FlowParserMixin.parseExprAtom (C:\Users\life5\OneDrive\Desktop\Hodhod\node_modules\@babel\parser\lib\index.js:4789:19)
    at FlowParserMixin.parseExprSubscripts (C:\Users\life5\OneDrive\Desktop\Hodhod\node_modules\@babel\parser\lib\index.js:11076:23)
    at FlowParserMixin.parseUpdate (C:\Users\life5\OneDrive\Desktop\Hodhod\node_modules\@babel\parser\lib\index.js:11061:21)
    at FlowParserMixin.parseMaybeUnary (C:\Users\life5\OneDrive\Desktop\Hodhod\node_modules\@babel\parser\lib\index.js:11041:23)
    at FlowParserMixin.parseMaybeUnaryOrPrivate (C:\Users\life5\OneDrive\Desktop\Hodhod\node_modules\@babel\parser\lib\index.js:10894:61)
    at FlowParserMixin.parseExprOps (C:\Users\life5\OneDrive\Desktop\Hodhod\node_modules\@babel\parser\lib\index.js:10899:23)
    at FlowParserMixin.parseMaybeConditional (C:\Users\life5\OneDrive\Desktop\Hodhod\node_modules\@babel\parser\lib\index.js:10876:23)
    at FlowParserMixin.parseMaybeAssign (C:\Users\life5\OneDrive\Desktop\Hodhod\node_modules\@babel\parser\lib\index.js:10826:21)
    at C:\Users\life5\OneDrive\Desktop\Hodhod\node_modules\@babel\parser\lib\index.js:3528:39
    at FlowParserMixin.tryParse (C:\Users\life5\OneDrive\Desktop\Hodhod\node_modules\@babel\parser\lib\index.js:6935:20)
    at FlowParserMixin.parseMaybeAssign (C:\Users\life5\OneDrive\Desktop\Hodhod\node_modules\@babel\parser\lib\index.js:3528:18)
    at C:\Users\life5\OneDrive\Desktop\Hodhod\node_modules\@babel\parser\lib\index.js:10795:39
    at FlowParserMixin.allowInAnd (C:\Users\life5\OneDrive\Desktop\Hodhod\node_modules\@babel\parser\lib\index.js:12427:12)
    at FlowParserMixin.parseMaybeAssignAllowIn (C:\Users\life5\OneDrive\Desktop\Hodhod\node_modules\@babel\parser\lib\index.js:10795:17)
    at FlowParserMixin.parseMaybeAssignAllowInOrVoidPattern (C:\Users\life5\OneDrive\Desktop\Hodhod\node_modules\@babel\parser\lib\index.js:12494:17)
    at FlowParserMixin.parseParenAndDistinguishExpression (C:\Users\life5\OneDrive\Desktop\Hodhod\node_modules\@babel\parser\lib\index.js:11674:28)
    at FlowParserMixin.parseParenAndDistinguishExpression (C:\Users\life5\OneDrive\Desktop\Hodhod\node_modules\@babel\parser\lib\index.js:3621:18)
    at FlowParserMixin.parseExprAtom (C:\Users\life5\OneDrive\Desktop\Hodhod\node_modules\@babel\parser\lib\index.js:11326:23)
    at FlowParserMixin.parseExprAtom (C:\Users\life5\OneDrive\Desktop\Hodhod\node_modules\@babel\parser\lib\index.js:4794:20)
    at FlowParserMixin.parseExprSubscripts (C:\Users\life5\OneDrive\Desktop\Hodhod\node_modules\@babel\parser\lib\index.js:11076:23)
    at FlowParserMixin.parseUpdate (C:\Users\life5\OneDrive\Desktop\Hodhod\node_modules\@babel\parser\lib\index.js:11061:21)
    at FlowParserMixin.parseMaybeUnary (C:\Users\life5\OneDrive\Desktop\Hodhod\node_modules\@babel\parser\lib\index.js:11041:23)
    at FlowParserMixin.parseMaybeUnaryOrPrivate (C:\Users\life5\OneDrive\Desktop\Hodhod\node_modules\@babel\parser\lib\index.js:10894:61)
    at FlowParserMixin.parseExprOps (C:\Users\life5\OneDrive\Desktop\Hodhod\node_modules\@babel\parser\lib\index.js:10899:23)
    at FlowParserMixin.parseMaybeConditional (C:\Users\life5\OneDrive\Desktop\Hodhod\node_modules\@babel\parser\lib\index.js:10876:23)
    at FlowParserMixin.parseMaybeAssign (C:\Users\life5\OneDrive\Desktop\Hodhod\node_modules\@babel\parser\lib\index.js:10826:21)
    at FlowParserMixin.parseMaybeAssign (C:\Users\life5\OneDrive\Desktop\Hodhod\node_modules\@babel\parser\lib\index.js:3579:18)
    at FlowParserMixin.parseExpressionBase (C:\Users\life5\OneDrive\Desktop\Hodhod\node_modules\@babel\parser\lib\index.js:10779:23)
    at C:\Users\life5\OneDrive\Desktop\Hodhod\node_modules\@babel\parser\lib\index.js:10775:39
    at FlowParserMixin.allowInAnd (C:\Users\life5\OneDrive\Desktop\Hodhod\node_modules\@babel\parser\lib\index.js:12422:16)
    at FlowParserMixin.parseExpression (C:\Users\life5\OneDrive\Desktop\Hodhod\node_modules\@babel\parser\lib\index.js:10775:17)
    at FlowParserMixin.parseReturnStatement (C:\Users\life5\OneDrive\Desktop\Hodhod\node_modules\@babel\parser\lib\index.js:13142:28)
    at FlowParserMixin.parseStatementContent (C:\Users\life5\OneDrive\Desktop\Hodhod\node_modules\@babel\parser\lib\index.js:12798:21)
    at FlowParserMixin.parseStatementLike (C:\Users\life5\OneDrive\Desktop\Hodhod\node_modules\@babel\parser\lib\index.js:12767:17)
    at FlowParserMixin.parseStatementLike (C:\Users\life5\OneDrive\Desktop\Hodhod\node_modules\@babel\parser\lib\index.js:2946:24)
    at FlowParserMixin.parseStatementListItem (C:\Users\life5\OneDrive\Desktop\Hodhod\node_modules\@babel\parser\lib\index.js:12747:17)
    at FlowParserMixin.parseBlockOrModuleBlockBody (C:\Users\life5\OneDrive\Desktop\Hodhod\node_modules\@babel\parser\lib\index.js:13316:61)
    at FlowParserMixin.parseBlockBody (C:\Users\life5\OneDrive\Desktop\Hodhod\node_modules\@babel\parser\lib\index.js:13309:10)
    at FlowParserMixin.parseBlock (C:\Users\life5\OneDrive\Desktop\Hodhod\node_modules\@babel\parser\lib\index.js:13297:10)
    at FlowParserMixin.parseFunctionBody (C:\Users\life5\OneDrive\Desktop\Hodhod\node_modules\@babel\parser\lib\index.js:12101:24)
    at C:\Users\life5\OneDrive\Desktop\Hodhod\node_modules\@babel\parser\lib\index.js:2920:63
    at FlowParserMixin.forwardNoArrowParamsConversionAt (C:\Users\life5\OneDrive\Desktop\Hodhod\node_modules\@babel\parser\lib\index.js:3096:16)
    at FlowParserMixin.parseFunctionBody (C:\Users\life5\OneDrive\Desktop\Hodhod\node_modules\@babel\parser\lib\index.js:2920:12)
    at FlowParserMixin.parseArrowExpression (C:\Users\life5\OneDrive\Desktop\Hodhod\node_modules\@babel\parser\lib\index.js:12076:10)

[1m[31mERROR[39m[22m in [1m[eslint] 
src\pages\CreateAuctionPage.js
  Line 231:10:  Parsing [1m[31merror[39m[22m[1m: Expected corresponding JSX closing tag for <form>. (231:10)

[39m[22m

webpack compiled with [1m[31m2 errors[39m[22m and [1m[33m1 warning[39m[22m
Compiling...
Failed to compile.

[eslint] 
src\pages\CreateAuctionPage.js
Syntax error: Expected corresponding JSX closing tag for <form>. (231:10) (231:10)
[1m[33mWARNING[39m[22m in [1m[eslint] 
src\components\Layout\Layout.js
  Line 26:11:  'language' is assigned a value but never used  no-unused-vars

src\pages\AuctionBidsPage.js
  Line 27:5:  React Hook useEffect has a missing dependency: 'location.state?.auction'. Either include it or remove the dependency array  react-hooks/exhaustive-deps

src\pages\AuctionDetailsPage.js
  Line 3:10:  'motion' is defined but never used                                                                                         no-unused-vars
  Line 56:6:  React Hook useEffect has a missing dependency: 'location.state.auction'. Either include it or remove the dependency array  react-hooks/exhaustive-deps

src\pages\AuctionsPage.js
  Line 10:3:   'CurrencyDollarIcon' is defined but never used                                                                        no-unused-vars
  Line 11:3:   'ClockIcon' is defined but never used                                                                                 no-unused-vars
  Line 12:3:   'UserIcon' is defined but never used                                                                                  no-unused-vars
  Line 16:10:  'apiFetch' is defined but never used                                                                                  no-unused-vars
  Line 221:8:  React Hook useEffect has a missing dependency: 'calculateTimeLeft'. Either include it or remove the dependency array  react-hooks/exhaustive-deps

src\pages\ProfilePage.js
  Line 7:3:   'PencilIcon' is defined but never used                                                                         no-unused-vars
  Line 59:6:  React Hook useEffect has a missing dependency: 'privacyKey'. Either include it or remove the dependency array  react-hooks/exhaustive-deps

src\pages\ProviderProfilePage.js
  Line 24:11:  't' is assigned a value but never used              no-unused-vars
  Line 36:10:  'newProduct' is assigned a value but never used     no-unused-vars
  Line 36:22:  'setNewProduct' is assigned a value but never used  no-unused-vars
  Line 40:10:  'newTeam' is assigned a value but never used        no-unused-vars
  Line 40:19:  'setNewTeam' is assigned a value but never used     no-unused-vars

[39m[22m

[1m[31mERROR[39m[22m in [1m./src/pages/CreateAuctionPage.js[39m[22m
Module build failed (from ./node_modules/babel-loader/lib/index.js):
SyntaxError: C:\Users\life5\OneDrive\Desktop\Hodhod\src\pages\CreateAuctionPage.js: Expected corresponding JSX closing tag for <form>. (231:10)

[0m [90m 229 |[39m             [33m<[39m[33mbutton[39m type[33m=[39m[32m"submit"[39m className[33m=[39m[32m"btn-primary"[39m disabled[33m=[39m{submitting}[33m>[39m{submitting [33m?[39m [32m'Creating…'[39m [33m:[39m [32m'Create auction'[39m}[33m<[39m[33m/[39m[33mbutton[39m[33m>[39m
 [90m 230 |[39m             [33m<[39m[33mbutton[39m type[33m=[39m[32m"button"[39m className[33m=[39m[32m"btn-outline"[39m onClick[33m=[39m{() [33m=>[39m navigate([32m'/auctions'[39m)}[33m>[39m[33mCancel[39m[33m<[39m[33m/[39m[33mbutton[39m[33m>[39m
[31m[1m>[22m[39m[90m 231 |[39m           [33m<[39m[33m/[39m[33mdiv[39m[33m>[39m
 [90m     |[39m           [31m[1m^[22m[39m
 [90m 232 |[39m         [33m<[39m[33m/[39m[33mform[39m[33m>[39m
 [90m 233 |[39m       [33m<[39m[33m/[39m[33mdiv[39m[33m>[39m
 [90m 234 |[39m     [33m<[39m[33m/[39m[33mdiv[39m[33m>[39m[0m
    at constructor (C:\Users\life5\OneDrive\Desktop\Hodhod\node_modules\@babel\parser\lib\index.js:367:19)
    at FlowParserMixin.raise (C:\Users\life5\OneDrive\Desktop\Hodhod\node_modules\@babel\parser\lib\index.js:6627:19)
    at FlowParserMixin.jsxParseElementAt (C:\Users\life5\OneDrive\Desktop\Hodhod\node_modules\@babel\parser\lib\index.js:4757:16)
    at FlowParserMixin.jsxParseElementAt (C:\Users\life5\OneDrive\Desktop\Hodhod\node_modules\@babel\parser\lib\index.js:4728:32)
    at FlowParserMixin.jsxParseElementAt (C:\Users\life5\OneDrive\Desktop\Hodhod\node_modules\@babel\parser\lib\index.js:4728:32)
    at FlowParserMixin.jsxParseElement (C:\Users\life5\OneDrive\Desktop\Hodhod\node_modules\@babel\parser\lib\index.js:4779:17)
    at FlowParserMixin.parseExprAtom (C:\Users\life5\OneDrive\Desktop\Hodhod\node_modules\@babel\parser\lib\index.js:4789:19)
    at FlowParserMixin.parseExprSubscripts (C:\Users\life5\OneDrive\Desktop\Hodhod\node_modules\@babel\parser\lib\index.js:11076:23)
    at FlowParserMixin.parseUpdate (C:\Users\life5\OneDrive\Desktop\Hodhod\node_modules\@babel\parser\lib\index.js:11061:21)
    at FlowParserMixin.parseMaybeUnary (C:\Users\life5\OneDrive\Desktop\Hodhod\node_modules\@babel\parser\lib\index.js:11041:23)
    at FlowParserMixin.parseMaybeUnaryOrPrivate (C:\Users\life5\OneDrive\Desktop\Hodhod\node_modules\@babel\parser\lib\index.js:10894:61)
    at FlowParserMixin.parseExprOps (C:\Users\life5\OneDrive\Desktop\Hodhod\node_modules\@babel\parser\lib\index.js:10899:23)
    at FlowParserMixin.parseMaybeConditional (C:\Users\life5\OneDrive\Desktop\Hodhod\node_modules\@babel\parser\lib\index.js:10876:23)
    at FlowParserMixin.parseMaybeAssign (C:\Users\life5\OneDrive\Desktop\Hodhod\node_modules\@babel\parser\lib\index.js:10826:21)
    at C:\Users\life5\OneDrive\Desktop\Hodhod\node_modules\@babel\parser\lib\index.js:3528:39
    at FlowParserMixin.tryParse (C:\Users\life5\OneDrive\Desktop\Hodhod\node_modules\@babel\parser\lib\index.js:6935:20)
    at FlowParserMixin.parseMaybeAssign (C:\Users\life5\OneDrive\Desktop\Hodhod\node_modules\@babel\parser\lib\index.js:3528:18)
    at C:\Users\life5\OneDrive\Desktop\Hodhod\node_modules\@babel\parser\lib\index.js:10795:39
    at FlowParserMixin.allowInAnd (C:\Users\life5\OneDrive\Desktop\Hodhod\node_modules\@babel\parser\lib\index.js:12427:12)
    at FlowParserMixin.parseMaybeAssignAllowIn (C:\Users\life5\OneDrive\Desktop\Hodhod\node_modules\@babel\parser\lib\index.js:10795:17)
    at FlowParserMixin.parseMaybeAssignAllowInOrVoidPattern (C:\Users\life5\OneDrive\Desktop\Hodhod\node_modules\@babel\parser\lib\index.js:12494:17)
    at FlowParserMixin.parseParenAndDistinguishExpression (C:\Users\life5\OneDrive\Desktop\Hodhod\node_modules\@babel\parser\lib\index.js:11674:28)
    at FlowParserMixin.parseParenAndDistinguishExpression (C:\Users\life5\OneDrive\Desktop\Hodhod\node_modules\@babel\parser\lib\index.js:3621:18)
    at FlowParserMixin.parseExprAtom (C:\Users\life5\OneDrive\Desktop\Hodhod\node_modules\@babel\parser\lib\index.js:11326:23)
    at FlowParserMixin.parseExprAtom (C:\Users\life5\OneDrive\Desktop\Hodhod\node_modules\@babel\parser\lib\index.js:4794:20)
    at FlowParserMixin.parseExprSubscripts (C:\Users\life5\OneDrive\Desktop\Hodhod\node_modules\@babel\parser\lib\index.js:11076:23)
    at FlowParserMixin.parseUpdate (C:\Users\life5\OneDrive\Desktop\Hodhod\node_modules\@babel\parser\lib\index.js:11061:21)
    at FlowParserMixin.parseMaybeUnary (C:\Users\life5\OneDrive\Desktop\Hodhod\node_modules\@babel\parser\lib\index.js:11041:23)
    at FlowParserMixin.parseMaybeUnaryOrPrivate (C:\Users\life5\OneDrive\Desktop\Hodhod\node_modules\@babel\parser\lib\index.js:10894:61)
    at FlowParserMixin.parseExprOps (C:\Users\life5\OneDrive\Desktop\Hodhod\node_modules\@babel\parser\lib\index.js:10899:23)
    at FlowParserMixin.parseMaybeConditional (C:\Users\life5\OneDrive\Desktop\Hodhod\node_modules\@babel\parser\lib\index.js:10876:23)
    at FlowParserMixin.parseMaybeAssign (C:\Users\life5\OneDrive\Desktop\Hodhod\node_modules\@babel\parser\lib\index.js:10826:21)
    at FlowParserMixin.parseMaybeAssign (C:\Users\life5\OneDrive\Desktop\Hodhod\node_modules\@babel\parser\lib\index.js:3579:18)
    at FlowParserMixin.parseExpressionBase (C:\Users\life5\OneDrive\Desktop\Hodhod\node_modules\@babel\parser\lib\index.js:10779:23)
    at C:\Users\life5\OneDrive\Desktop\Hodhod\node_modules\@babel\parser\lib\index.js:10775:39
    at FlowParserMixin.allowInAnd (C:\Users\life5\OneDrive\Desktop\Hodhod\node_modules\@babel\parser\lib\index.js:12422:16)
    at FlowParserMixin.parseExpression (C:\Users\life5\OneDrive\Desktop\Hodhod\node_modules\@babel\parser\lib\index.js:10775:17)
    at FlowParserMixin.parseReturnStatement (C:\Users\life5\OneDrive\Desktop\Hodhod\node_modules\@babel\parser\lib\index.js:13142:28)
    at FlowParserMixin.parseStatementContent (C:\Users\life5\OneDrive\Desktop\Hodhod\node_modules\@babel\parser\lib\index.js:12798:21)
    at FlowParserMixin.parseStatementLike (C:\Users\life5\OneDrive\Desktop\Hodhod\node_modules\@babel\parser\lib\index.js:12767:17)
    at FlowParserMixin.parseStatementLike (C:\Users\life5\OneDrive\Desktop\Hodhod\node_modules\@babel\parser\lib\index.js:2946:24)
    at FlowParserMixin.parseStatementListItem (C:\Users\life5\OneDrive\Desktop\Hodhod\node_modules\@babel\parser\lib\index.js:12747:17)
    at FlowParserMixin.parseBlockOrModuleBlockBody (C:\Users\life5\OneDrive\Desktop\Hodhod\node_modules\@babel\parser\lib\index.js:13316:61)
    at FlowParserMixin.parseBlockBody (C:\Users\life5\OneDrive\Desktop\Hodhod\node_modules\@babel\parser\lib\index.js:13309:10)
    at FlowParserMixin.parseBlock (C:\Users\life5\OneDrive\Desktop\Hodhod\node_modules\@babel\parser\lib\index.js:13297:10)
    at FlowParserMixin.parseFunctionBody (C:\Users\life5\OneDrive\Desktop\Hodhod\node_modules\@babel\parser\lib\index.js:12101:24)
    at C:\Users\life5\OneDrive\Desktop\Hodhod\node_modules\@babel\parser\lib\index.js:2920:63
    at FlowParserMixin.forwardNoArrowParamsConversionAt (C:\Users\life5\OneDrive\Desktop\Hodhod\node_modules\@babel\parser\lib\index.js:3096:16)
    at FlowParserMixin.parseFunctionBody (C:\Users\life5\OneDrive\Desktop\Hodhod\node_modules\@babel\parser\lib\index.js:2920:12)
    at FlowParserMixin.parseArrowExpression (C:\Users\life5\OneDrive\Desktop\Hodhod\node_modules\@babel\parser\lib\index.js:12076:10)

[1m[31mERROR[39m[22m in [1m[eslint] 
src\pages\CreateAuctionPage.js
  Line 231:10:  Parsing [1m[31merror[39m[22m[1m: Expected corresponding JSX closing tag for <form>. (231:10)

[39m[22m

webpack compiled with [1m[31m2 errors[39m[22m and [1m[33m1 warning[39m[22m
Compiling...
Compiled with warnings.

[eslint] 
src\components\Layout\Layout.js
  Line 26:11:  'language' is assigned a value but never used  no-unused-vars

src\pages\AuctionBidsPage.js
  Line 27:5:  React Hook useEffect has a missing dependency: 'location.state?.auction'. Either include it or remove the dependency array  react-hooks/exhaustive-deps

src\pages\AuctionDetailsPage.js
  Line 3:10:  'motion' is defined but never used                                                                                         no-unused-vars
  Line 56:6:  React Hook useEffect has a missing dependency: 'location.state.auction'. Either include it or remove the dependency array  react-hooks/exhaustive-deps

src\pages\AuctionsPage.js
  Line 10:3:   'CurrencyDollarIcon' is defined but never used                                                                        no-unused-vars
  Line 11:3:   'ClockIcon' is defined but never used                                                                                 no-unused-vars
  Line 12:3:   'UserIcon' is defined but never used                                                                                  no-unused-vars
  Line 16:10:  'apiFetch' is defined but never used                                                                                  no-unused-vars
  Line 221:8:  React Hook useEffect has a missing dependency: 'calculateTimeLeft'. Either include it or remove the dependency array  react-hooks/exhaustive-deps

src\pages\ProfilePage.js
  Line 7:3:   'PencilIcon' is defined but never used                                                                         no-unused-vars
  Line 59:6:  React Hook useEffect has a missing dependency: 'privacyKey'. Either include it or remove the dependency array  react-hooks/exhaustive-deps

src\pages\ProviderProfilePage.js
  Line 24:11:  't' is assigned a value but never used              no-unused-vars
  Line 36:10:  'newProduct' is assigned a value but never used     no-unused-vars
  Line 36:22:  'setNewProduct' is assigned a value but never used  no-unused-vars
  Line 40:10:  'newTeam' is assigned a value but never used        no-unused-vars
  Line 40:19:  'setNewTeam' is assigned a value but never used     no-unused-vars

Search for the keywords to learn more about each warning.
To ignore, add // eslint-disable-next-line to the line before.

[1m[33mWARNING[39m[22m in [1m[eslint] 
src\components\Layout\Layout.js
  Line 26:11:  'language' is assigned a value but never used  no-unused-vars

src\pages\AuctionBidsPage.js
  Line 27:5:  React Hook useEffect has a missing dependency: 'location.state?.auction'. Either include it or remove the dependency array  react-hooks/exhaustive-deps

src\pages\AuctionDetailsPage.js
  Line 3:10:  'motion' is defined but never used                                                                                         no-unused-vars
  Line 56:6:  React Hook useEffect has a missing dependency: 'location.state.auction'. Either include it or remove the dependency array  react-hooks/exhaustive-deps

src\pages\AuctionsPage.js
  Line 10:3:   'CurrencyDollarIcon' is defined but never used                                                                        no-unused-vars
  Line 11:3:   'ClockIcon' is defined but never used                                                                                 no-unused-vars
  Line 12:3:   'UserIcon' is defined but never used                                                                                  no-unused-vars
  Line 16:10:  'apiFetch' is defined but never used                                                                                  no-unused-vars
  Line 221:8:  React Hook useEffect has a missing dependency: 'calculateTimeLeft'. Either include it or remove the dependency array  react-hooks/exhaustive-deps

src\pages\ProfilePage.js
  Line 7:3:   'PencilIcon' is defined but never used                                                                         no-unused-vars
  Line 59:6:  React Hook useEffect has a missing dependency: 'privacyKey'. Either include it or remove the dependency array  react-hooks/exhaustive-deps

src\pages\ProviderProfilePage.js
  Line 24:11:  't' is assigned a value but never used              no-unused-vars
  Line 36:10:  'newProduct' is assigned a value but never used     no-unused-vars
  Line 36:22:  'setNewProduct' is assigned a value but never used  no-unused-vars
  Line 40:10:  'newTeam' is assigned a value but never used        no-unused-vars
  Line 40:19:  'setNewTeam' is assigned a value but never used     no-unused-vars

[39m[22m

webpack compiled with [1m[33m1 warning[39m[22m
Compiling...
Compiled with warnings.

[eslint] 
src\components\Layout\Layout.js
  Line 26:11:  'language' is assigned a value but never used  no-unused-vars

src\pages\AuctionBidsPage.js
  Line 27:5:  React Hook useEffect has a missing dependency: 'location.state?.auction'. Either include it or remove the dependency array  react-hooks/exhaustive-deps

src\pages\AuctionDetailsPage.js
  Line 3:10:  'motion' is defined but never used                                                                                         no-unused-vars
  Line 56:6:  React Hook useEffect has a missing dependency: 'location.state.auction'. Either include it or remove the dependency array  react-hooks/exhaustive-deps

src\pages\AuctionsPage.js
  Line 10:3:   'CurrencyDollarIcon' is defined but never used                                                                        no-unused-vars
  Line 11:3:   'ClockIcon' is defined but never used                                                                                 no-unused-vars
  Line 12:3:   'UserIcon' is defined but never used                                                                                  no-unused-vars
  Line 16:10:  'apiFetch' is defined but never used                                                                                  no-unused-vars
  Line 221:8:  React Hook useEffect has a missing dependency: 'calculateTimeLeft'. Either include it or remove the dependency array  react-hooks/exhaustive-deps

src\pages\ProfilePage.js
  Line 7:3:   'PencilIcon' is defined but never used                                                                         no-unused-vars
  Line 59:6:  React Hook useEffect has a missing dependency: 'privacyKey'. Either include it or remove the dependency array  react-hooks/exhaustive-deps

src\pages\ProviderProfilePage.js
  Line 24:11:  't' is assigned a value but never used              no-unused-vars
  Line 36:10:  'newProduct' is assigned a value but never used     no-unused-vars
  Line 36:22:  'setNewProduct' is assigned a value but never used  no-unused-vars
  Line 40:10:  'newTeam' is assigned a value but never used        no-unused-vars
  Line 40:19:  'setNewTeam' is assigned a value but never used     no-unused-vars

Search for the keywords to learn more about each warning.
To ignore, add // eslint-disable-next-line to the line before.

[1m[33mWARNING[39m[22m in [1m[eslint] 
src\components\Layout\Layout.js
  Line 26:11:  'language' is assigned a value but never used  no-unused-vars

src\pages\AuctionBidsPage.js
  Line 27:5:  React Hook useEffect has a missing dependency: 'location.state?.auction'. Either include it or remove the dependency array  react-hooks/exhaustive-deps

src\pages\AuctionDetailsPage.js
  Line 3:10:  'motion' is defined but never used                                                                                         no-unused-vars
  Line 56:6:  React Hook useEffect has a missing dependency: 'location.state.auction'. Either include it or remove the dependency array  react-hooks/exhaustive-deps

src\pages\AuctionsPage.js
  Line 10:3:   'CurrencyDollarIcon' is defined but never used                                                                        no-unused-vars
  Line 11:3:   'ClockIcon' is defined but never used                                                                                 no-unused-vars
  Line 12:3:   'UserIcon' is defined but never used                                                                                  no-unused-vars
  Line 16:10:  'apiFetch' is defined but never used                                                                                  no-unused-vars
  Line 221:8:  React Hook useEffect has a missing dependency: 'calculateTimeLeft'. Either include it or remove the dependency array  react-hooks/exhaustive-deps

src\pages\ProfilePage.js
  Line 7:3:   'PencilIcon' is defined but never used                                                                         no-unused-vars
  Line 59:6:  React Hook useEffect has a missing dependency: 'privacyKey'. Either include it or remove the dependency array  react-hooks/exhaustive-deps

src\pages\ProviderProfilePage.js
  Line 24:11:  't' is assigned a value but never used              no-unused-vars
  Line 36:10:  'newProduct' is assigned a value but never used     no-unused-vars
  Line 36:22:  'setNewProduct' is assigned a value but never used  no-unused-vars
  Line 40:10:  'newTeam' is assigned a value but never used        no-unused-vars
  Line 40:19:  'setNewTeam' is assigned a value but never used     no-unused-vars

[39m[22m

webpack compiled with [1m[33m1 warning[39m[22m
Compiling...
Compiled with warnings.

[eslint] 
src\components\Layout\Layout.js
  Line 26:11:  'language' is assigned a value but never used  no-unused-vars

src\pages\AuctionBidsPage.js
  Line 27:5:  React Hook useEffect has a missing dependency: 'location.state?.auction'. Either include it or remove the dependency array  react-hooks/exhaustive-deps

src\pages\AuctionDetailsPage.js
  Line 3:10:  'motion' is defined but never used                                                                                         no-unused-vars
  Line 56:6:  React Hook useEffect has a missing dependency: 'location.state.auction'. Either include it or remove the dependency array  react-hooks/exhaustive-deps

src\pages\AuctionsPage.js
  Line 10:3:   'CurrencyDollarIcon' is defined but never used                                                                        no-unused-vars
  Line 11:3:   'ClockIcon' is defined but never used                                                                                 no-unused-vars
  Line 12:3:   'UserIcon' is defined but never used                                                                                  no-unused-vars
  Line 16:10:  'apiFetch' is defined but never used                                                                                  no-unused-vars
  Line 221:8:  React Hook useEffect has a missing dependency: 'calculateTimeLeft'. Either include it or remove the dependency array  react-hooks/exhaustive-deps

src\pages\ProfilePage.js
  Line 7:3:   'PencilIcon' is defined but never used                                                                         no-unused-vars
  Line 59:6:  React Hook useEffect has a missing dependency: 'privacyKey'. Either include it or remove the dependency array  react-hooks/exhaustive-deps

src\pages\ProviderProfilePage.js
  Line 24:11:  't' is assigned a value but never used              no-unused-vars
  Line 37:10:  'newProduct' is assigned a value but never used     no-unused-vars
  Line 37:22:  'setNewProduct' is assigned a value but never used  no-unused-vars
  Line 41:10:  'newTeam' is assigned a value but never used        no-unused-vars
  Line 41:19:  'setNewTeam' is assigned a value but never used     no-unused-vars

Search for the keywords to learn more about each warning.
To ignore, add // eslint-disable-next-line to the line before.

[1m[33mWARNING[39m[22m in [1m[eslint] 
src\components\Layout\Layout.js
  Line 26:11:  'language' is assigned a value but never used  no-unused-vars

src\pages\AuctionBidsPage.js
  Line 27:5:  React Hook useEffect has a missing dependency: 'location.state?.auction'. Either include it or remove the dependency array  react-hooks/exhaustive-deps

src\pages\AuctionDetailsPage.js
  Line 3:10:  'motion' is defined but never used                                                                                         no-unused-vars
  Line 56:6:  React Hook useEffect has a missing dependency: 'location.state.auction'. Either include it or remove the dependency array  react-hooks/exhaustive-deps

src\pages\AuctionsPage.js
  Line 10:3:   'CurrencyDollarIcon' is defined but never used                                                                        no-unused-vars
  Line 11:3:   'ClockIcon' is defined but never used                                                                                 no-unused-vars
  Line 12:3:   'UserIcon' is defined but never used                                                                                  no-unused-vars
  Line 16:10:  'apiFetch' is defined but never used                                                                                  no-unused-vars
  Line 221:8:  React Hook useEffect has a missing dependency: 'calculateTimeLeft'. Either include it or remove the dependency array  react-hooks/exhaustive-deps

src\pages\ProfilePage.js
  Line 7:3:   'PencilIcon' is defined but never used                                                                         no-unused-vars
  Line 59:6:  React Hook useEffect has a missing dependency: 'privacyKey'. Either include it or remove the dependency array  react-hooks/exhaustive-deps

src\pages\ProviderProfilePage.js
  Line 24:11:  't' is assigned a value but never used              no-unused-vars
  Line 37:10:  'newProduct' is assigned a value but never used     no-unused-vars
  Line 37:22:  'setNewProduct' is assigned a value but never used  no-unused-vars
  Line 41:10:  'newTeam' is assigned a value but never used        no-unused-vars
  Line 41:19:  'setNewTeam' is assigned a value but never used     no-unused-vars

[39m[22m

webpack compiled with [1m[33m1 warning[39m[22m
Compiling...
Compiled with warnings.

[eslint] 
src\components\Layout\Layout.js
  Line 26:11:  'language' is assigned a value but never used  no-unused-vars

src\pages\AuctionBidsPage.js
  Line 27:5:  React Hook useEffect has a missing dependency: 'location.state?.auction'. Either include it or remove the dependency array  react-hooks/exhaustive-deps

src\pages\AuctionDetailsPage.js
  Line 3:10:  'motion' is defined but never used                                                                                         no-unused-vars
  Line 56:6:  React Hook useEffect has a missing dependency: 'location.state.auction'. Either include it or remove the dependency array  react-hooks/exhaustive-deps

src\pages\AuctionsPage.js
  Line 10:3:   'CurrencyDollarIcon' is defined but never used                                                                        no-unused-vars
  Line 11:3:   'ClockIcon' is defined but never used                                                                                 no-unused-vars
  Line 12:3:   'UserIcon' is defined but never used                                                                                  no-unused-vars
  Line 16:10:  'apiFetch' is defined but never used                                                                                  no-unused-vars
  Line 221:8:  React Hook useEffect has a missing dependency: 'calculateTimeLeft'. Either include it or remove the dependency array  react-hooks/exhaustive-deps

src\pages\ProfilePage.js
  Line 7:3:   'PencilIcon' is defined but never used                                                                         no-unused-vars
  Line 59:6:  React Hook useEffect has a missing dependency: 'privacyKey'. Either include it or remove the dependency array  react-hooks/exhaustive-deps

src\pages\ProviderProfilePage.js
  Line 24:11:  't' is assigned a value but never used              no-unused-vars
  Line 37:10:  'newProduct' is assigned a value but never used     no-unused-vars
  Line 37:22:  'setNewProduct' is assigned a value but never used  no-unused-vars
  Line 41:10:  'newTeam' is assigned a value but never used        no-unused-vars
  Line 41:19:  'setNewTeam' is assigned a value but never used     no-unused-vars

Search for the keywords to learn more about each warning.
To ignore, add // eslint-disable-next-line to the line before.

[1m[33mWARNING[39m[22m in [1m[eslint] 
src\components\Layout\Layout.js
  Line 26:11:  'language' is assigned a value but never used  no-unused-vars

src\pages\AuctionBidsPage.js
  Line 27:5:  React Hook useEffect has a missing dependency: 'location.state?.auction'. Either include it or remove the dependency array  react-hooks/exhaustive-deps

src\pages\AuctionDetailsPage.js
  Line 3:10:  'motion' is defined but never used                                                                                         no-unused-vars
  Line 56:6:  React Hook useEffect has a missing dependency: 'location.state.auction'. Either include it or remove the dependency array  react-hooks/exhaustive-deps

src\pages\AuctionsPage.js
  Line 10:3:   'CurrencyDollarIcon' is defined but never used                                                                        no-unused-vars
  Line 11:3:   'ClockIcon' is defined but never used                                                                                 no-unused-vars
  Line 12:3:   'UserIcon' is defined but never used                                                                                  no-unused-vars
  Line 16:10:  'apiFetch' is defined but never used                                                                                  no-unused-vars
  Line 221:8:  React Hook useEffect has a missing dependency: 'calculateTimeLeft'. Either include it or remove the dependency array  react-hooks/exhaustive-deps

src\pages\ProfilePage.js
  Line 7:3:   'PencilIcon' is defined but never used                                                                         no-unused-vars
  Line 59:6:  React Hook useEffect has a missing dependency: 'privacyKey'. Either include it or remove the dependency array  react-hooks/exhaustive-deps

src\pages\ProviderProfilePage.js
  Line 24:11:  't' is assigned a value but never used              no-unused-vars
  Line 37:10:  'newProduct' is assigned a value but never used     no-unused-vars
  Line 37:22:  'setNewProduct' is assigned a value but never used  no-unused-vars
  Line 41:10:  'newTeam' is assigned a value but never used        no-unused-vars
  Line 41:19:  'setNewTeam' is assigned a value but never used     no-unused-vars

[39m[22m

webpack compiled with [1m[33m1 warning[39m[22m
Compiling...
Compiled with warnings.

[eslint] 
src\components\Layout\Layout.js
  Line 26:11:  'language' is assigned a value but never used  no-unused-vars

src\pages\AuctionBidsPage.js
  Line 27:5:  React Hook useEffect has a missing dependency: 'location.state?.auction'. Either include it or remove the dependency array  react-hooks/exhaustive-deps

src\pages\AuctionDetailsPage.js
  Line 3:10:  'motion' is defined but never used                                                                                         no-unused-vars
  Line 56:6:  React Hook useEffect has a missing dependency: 'location.state.auction'. Either include it or remove the dependency array  react-hooks/exhaustive-deps

src\pages\AuctionsPage.js
  Line 10:3:   'CurrencyDollarIcon' is defined but never used                                                                        no-unused-vars
  Line 11:3:   'ClockIcon' is defined but never used                                                                                 no-unused-vars
  Line 12:3:   'UserIcon' is defined but never used                                                                                  no-unused-vars
  Line 16:10:  'apiFetch' is defined but never used                                                                                  no-unused-vars
  Line 221:8:  React Hook useEffect has a missing dependency: 'calculateTimeLeft'. Either include it or remove the dependency array  react-hooks/exhaustive-deps

src\pages\ProfilePage.js
  Line 7:3:   'PencilIcon' is defined but never used                                                                         no-unused-vars
  Line 59:6:  React Hook useEffect has a missing dependency: 'privacyKey'. Either include it or remove the dependency array  react-hooks/exhaustive-deps

src\pages\ProviderProfilePage.js
  Line 24:11:  't' is assigned a value but never used              no-unused-vars
  Line 37:10:  'newProduct' is assigned a value but never used     no-unused-vars
  Line 37:22:  'setNewProduct' is assigned a value but never used  no-unused-vars
  Line 41:10:  'newTeam' is assigned a value but never used        no-unused-vars
  Line 41:19:  'setNewTeam' is assigned a value but never used     no-unused-vars

Search for the keywords to learn more about each warning.
To ignore, add // eslint-disable-next-line to the line before.

[1m[33mWARNING[39m[22m in [1m[eslint] 
src\components\Layout\Layout.js
  Line 26:11:  'language' is assigned a value but never used  no-unused-vars

src\pages\AuctionBidsPage.js
  Line 27:5:  React Hook useEffect has a missing dependency: 'location.state?.auction'. Either include it or remove the dependency array  react-hooks/exhaustive-deps

src\pages\AuctionDetailsPage.js
  Line 3:10:  'motion' is defined but never used                                                                                         no-unused-vars
  Line 56:6:  React Hook useEffect has a missing dependency: 'location.state.auction'. Either include it or remove the dependency array  react-hooks/exhaustive-deps

src\pages\AuctionsPage.js
  Line 10:3:   'CurrencyDollarIcon' is defined but never used                                                                        no-unused-vars
  Line 11:3:   'ClockIcon' is defined but never used                                                                                 no-unused-vars
  Line 12:3:   'UserIcon' is defined but never used                                                                                  no-unused-vars
  Line 16:10:  'apiFetch' is defined but never used                                                                                  no-unused-vars
  Line 221:8:  React Hook useEffect has a missing dependency: 'calculateTimeLeft'. Either include it or remove the dependency array  react-hooks/exhaustive-deps

src\pages\ProfilePage.js
  Line 7:3:   'PencilIcon' is defined but never used                                                                         no-unused-vars
  Line 59:6:  React Hook useEffect has a missing dependency: 'privacyKey'. Either include it or remove the dependency array  react-hooks/exhaustive-deps

src\pages\ProviderProfilePage.js
  Line 24:11:  't' is assigned a value but never used              no-unused-vars
  Line 37:10:  'newProduct' is assigned a value but never used     no-unused-vars
  Line 37:22:  'setNewProduct' is assigned a value but never used  no-unused-vars
  Line 41:10:  'newTeam' is assigned a value but never used        no-unused-vars
  Line 41:19:  'setNewTeam' is assigned a value but never used     no-unused-vars

[39m[22m

webpack compiled with [1m[33m1 warning[39m[22m
Compiling...
Compiled with warnings.

[eslint] 
src\components\Layout\Layout.js
  Line 26:11:  'language' is assigned a value but never used  no-unused-vars

src\pages\AuctionBidsPage.js
  Line 27:5:  React Hook useEffect has a missing dependency: 'location.state?.auction'. Either include it or remove the dependency array  react-hooks/exhaustive-deps

src\pages\AuctionDetailsPage.js
  Line 3:10:  'motion' is defined but never used                                                                                         no-unused-vars
  Line 56:6:  React Hook useEffect has a missing dependency: 'location.state.auction'. Either include it or remove the dependency array  react-hooks/exhaustive-deps

src\pages\AuctionsPage.js
  Line 10:3:   'CurrencyDollarIcon' is defined but never used                                                                        no-unused-vars
  Line 11:3:   'ClockIcon' is defined but never used                                                                                 no-unused-vars
  Line 12:3:   'UserIcon' is defined but never used                                                                                  no-unused-vars
  Line 16:10:  'apiFetch' is defined but never used                                                                                  no-unused-vars
  Line 221:8:  React Hook useEffect has a missing dependency: 'calculateTimeLeft'. Either include it or remove the dependency array  react-hooks/exhaustive-deps

src\pages\ProfilePage.js
  Line 7:3:   'PencilIcon' is defined but never used                                                                         no-unused-vars
  Line 59:6:  React Hook useEffect has a missing dependency: 'privacyKey'. Either include it or remove the dependency array  react-hooks/exhaustive-deps

src\pages\ProviderProfilePage.js
  Line 10:3:    'ChatBubbleLeftRightIcon' is defined but never used  no-unused-vars
  Line 11:3:    'HeartIcon' is defined but never used                no-unused-vars
  Line 24:11:   't' is assigned a value but never used               no-unused-vars
  Line 36:10:   'newProduct' is assigned a value but never used      no-unused-vars
  Line 36:22:   'setNewProduct' is assigned a value but never used   no-unused-vars
  Line 40:10:   'newTeam' is assigned a value but never used         no-unused-vars
  Line 40:19:   'setNewTeam' is assigned a value but never used      no-unused-vars
  Line 240:31:  'ok' is assigned a value but never used              no-unused-vars

Search for the keywords to learn more about each warning.
To ignore, add // eslint-disable-next-line to the line before.

[1m[33mWARNING[39m[22m in [1m[eslint] 
src\components\Layout\Layout.js
  Line 26:11:  'language' is assigned a value but never used  no-unused-vars

src\pages\AuctionBidsPage.js
  Line 27:5:  React Hook useEffect has a missing dependency: 'location.state?.auction'. Either include it or remove the dependency array  react-hooks/exhaustive-deps

src\pages\AuctionDetailsPage.js
  Line 3:10:  'motion' is defined but never used                                                                                         no-unused-vars
  Line 56:6:  React Hook useEffect has a missing dependency: 'location.state.auction'. Either include it or remove the dependency array  react-hooks/exhaustive-deps

src\pages\AuctionsPage.js
  Line 10:3:   'CurrencyDollarIcon' is defined but never used                                                                        no-unused-vars
  Line 11:3:   'ClockIcon' is defined but never used                                                                                 no-unused-vars
  Line 12:3:   'UserIcon' is defined but never used                                                                                  no-unused-vars
  Line 16:10:  'apiFetch' is defined but never used                                                                                  no-unused-vars
  Line 221:8:  React Hook useEffect has a missing dependency: 'calculateTimeLeft'. Either include it or remove the dependency array  react-hooks/exhaustive-deps

src\pages\ProfilePage.js
  Line 7:3:   'PencilIcon' is defined but never used                                                                         no-unused-vars
  Line 59:6:  React Hook useEffect has a missing dependency: 'privacyKey'. Either include it or remove the dependency array  react-hooks/exhaustive-deps

src\pages\ProviderProfilePage.js
  Line 10:3:    'ChatBubbleLeftRightIcon' is defined but never used  no-unused-vars
  Line 11:3:    'HeartIcon' is defined but never used                no-unused-vars
  Line 24:11:   't' is assigned a value but never used               no-unused-vars
  Line 36:10:   'newProduct' is assigned a value but never used      no-unused-vars
  Line 36:22:   'setNewProduct' is assigned a value but never used   no-unused-vars
  Line 40:10:   'newTeam' is assigned a value but never used         no-unused-vars
  Line 40:19:   'setNewTeam' is assigned a value but never used      no-unused-vars
  Line 240:31:  'ok' is assigned a value but never used              no-unused-vars

[39m[22m

webpack compiled with [1m[33m1 warning[39m[22m
Compiling...
Compiled with warnings.

[eslint] 
src\components\Layout\Layout.js
  Line 26:11:  'language' is assigned a value but never used  no-unused-vars

src\pages\AuctionBidsPage.js
  Line 27:5:  React Hook useEffect has a missing dependency: 'location.state?.auction'. Either include it or remove the dependency array  react-hooks/exhaustive-deps

src\pages\AuctionDetailsPage.js
  Line 3:10:  'motion' is defined but never used                                                                                         no-unused-vars
  Line 56:6:  React Hook useEffect has a missing dependency: 'location.state.auction'. Either include it or remove the dependency array  react-hooks/exhaustive-deps

src\pages\AuctionsPage.js
  Line 10:3:   'CurrencyDollarIcon' is defined but never used                                                                        no-unused-vars
  Line 11:3:   'ClockIcon' is defined but never used                                                                                 no-unused-vars
  Line 12:3:   'UserIcon' is defined but never used                                                                                  no-unused-vars
  Line 16:10:  'apiFetch' is defined but never used                                                                                  no-unused-vars
  Line 221:8:  React Hook useEffect has a missing dependency: 'calculateTimeLeft'. Either include it or remove the dependency array  react-hooks/exhaustive-deps

src\pages\ProfilePage.js
  Line 7:3:   'PencilIcon' is defined but never used                                                                         no-unused-vars
  Line 59:6:  React Hook useEffect has a missing dependency: 'privacyKey'. Either include it or remove the dependency array  react-hooks/exhaustive-deps

src\pages\ProviderProfilePage.js
  Line 10:3:    'ChatBubbleLeftRightIcon' is defined but never used  no-unused-vars
  Line 11:3:    'HeartIcon' is defined but never used                no-unused-vars
  Line 24:11:   't' is assigned a value but never used               no-unused-vars
  Line 36:10:   'newProduct' is assigned a value but never used      no-unused-vars
  Line 36:22:   'setNewProduct' is assigned a value but never used   no-unused-vars
  Line 40:10:   'newTeam' is assigned a value but never used         no-unused-vars
  Line 40:19:   'setNewTeam' is assigned a value but never used      no-unused-vars
  Line 240:31:  'ok' is assigned a value but never used              no-unused-vars

Search for the keywords to learn more about each warning.
To ignore, add // eslint-disable-next-line to the line before.

[1m[33mWARNING[39m[22m in [1m[eslint] 
src\components\Layout\Layout.js
  Line 26:11:  'language' is assigned a value but never used  no-unused-vars

src\pages\AuctionBidsPage.js
  Line 27:5:  React Hook useEffect has a missing dependency: 'location.state?.auction'. Either include it or remove the dependency array  react-hooks/exhaustive-deps

src\pages\AuctionDetailsPage.js
  Line 3:10:  'motion' is defined but never used                                                                                         no-unused-vars
  Line 56:6:  React Hook useEffect has a missing dependency: 'location.state.auction'. Either include it or remove the dependency array  react-hooks/exhaustive-deps

src\pages\AuctionsPage.js
  Line 10:3:   'CurrencyDollarIcon' is defined but never used                                                                        no-unused-vars
  Line 11:3:   'ClockIcon' is defined but never used                                                                                 no-unused-vars
  Line 12:3:   'UserIcon' is defined but never used                                                                                  no-unused-vars
  Line 16:10:  'apiFetch' is defined but never used                                                                                  no-unused-vars
  Line 221:8:  React Hook useEffect has a missing dependency: 'calculateTimeLeft'. Either include it or remove the dependency array  react-hooks/exhaustive-deps

src\pages\ProfilePage.js
  Line 7:3:   'PencilIcon' is defined but never used                                                                         no-unused-vars
  Line 59:6:  React Hook useEffect has a missing dependency: 'privacyKey'. Either include it or remove the dependency array  react-hooks/exhaustive-deps

src\pages\ProviderProfilePage.js
  Line 10:3:    'ChatBubbleLeftRightIcon' is defined but never used  no-unused-vars
  Line 11:3:    'HeartIcon' is defined but never used                no-unused-vars
  Line 24:11:   't' is assigned a value but never used               no-unused-vars
  Line 36:10:   'newProduct' is assigned a value but never used      no-unused-vars
  Line 36:22:   'setNewProduct' is assigned a value but never used   no-unused-vars
  Line 40:10:   'newTeam' is assigned a value but never used         no-unused-vars
  Line 40:19:   'setNewTeam' is assigned a value but never used      no-unused-vars
  Line 240:31:  'ok' is assigned a value but never used              no-unused-vars

[39m[22m

webpack compiled with [1m[33m1 warning[39m[22m
Compiling...
Compiled with warnings.

[eslint] 
src\components\Layout\Layout.js
  Line 26:11:  'language' is assigned a value but never used  no-unused-vars

src\pages\AuctionBidsPage.js
  Line 27:5:  React Hook useEffect has a missing dependency: 'location.state?.auction'. Either include it or remove the dependency array  react-hooks/exhaustive-deps

src\pages\AuctionDetailsPage.js
  Line 3:10:  'motion' is defined but never used                                                                                         no-unused-vars
  Line 56:6:  React Hook useEffect has a missing dependency: 'location.state.auction'. Either include it or remove the dependency array  react-hooks/exhaustive-deps

src\pages\AuctionsPage.js
  Line 10:3:   'CurrencyDollarIcon' is defined but never used                                                                        no-unused-vars
  Line 11:3:   'ClockIcon' is defined but never used                                                                                 no-unused-vars
  Line 12:3:   'UserIcon' is defined but never used                                                                                  no-unused-vars
  Line 16:10:  'apiFetch' is defined but never used                                                                                  no-unused-vars
  Line 221:8:  React Hook useEffect has a missing dependency: 'calculateTimeLeft'. Either include it or remove the dependency array  react-hooks/exhaustive-deps

src\pages\ProfilePage.js
  Line 7:3:   'PencilIcon' is defined but never used                                                                         no-unused-vars
  Line 59:6:  React Hook useEffect has a missing dependency: 'privacyKey'. Either include it or remove the dependency array  react-hooks/exhaustive-deps

src\pages\ProviderProfilePage.js
  Line 10:3:    'ChatBubbleLeftRightIcon' is defined but never used  no-unused-vars
  Line 11:3:    'HeartIcon' is defined but never used                no-unused-vars
  Line 24:11:   't' is assigned a value but never used               no-unused-vars
  Line 36:10:   'newProduct' is assigned a value but never used      no-unused-vars
  Line 36:22:   'setNewProduct' is assigned a value but never used   no-unused-vars
  Line 40:10:   'newTeam' is assigned a value but never used         no-unused-vars
  Line 40:19:   'setNewTeam' is assigned a value but never used      no-unused-vars
  Line 240:31:  'ok' is assigned a value but never used              no-unused-vars

Search for the keywords to learn more about each warning.
To ignore, add // eslint-disable-next-line to the line before.

[1m[33mWARNING[39m[22m in [1m[eslint] 
src\components\Layout\Layout.js
  Line 26:11:  'language' is assigned a value but never used  no-unused-vars

src\pages\AuctionBidsPage.js
  Line 27:5:  React Hook useEffect has a missing dependency: 'location.state?.auction'. Either include it or remove the dependency array  react-hooks/exhaustive-deps

src\pages\AuctionDetailsPage.js
  Line 3:10:  'motion' is defined but never used                                                                                         no-unused-vars
  Line 56:6:  React Hook useEffect has a missing dependency: 'location.state.auction'. Either include it or remove the dependency array  react-hooks/exhaustive-deps

src\pages\AuctionsPage.js
  Line 10:3:   'CurrencyDollarIcon' is defined but never used                                                                        no-unused-vars
  Line 11:3:   'ClockIcon' is defined but never used                                                                                 no-unused-vars
  Line 12:3:   'UserIcon' is defined but never used                                                                                  no-unused-vars
  Line 16:10:  'apiFetch' is defined but never used                                                                                  no-unused-vars
  Line 221:8:  React Hook useEffect has a missing dependency: 'calculateTimeLeft'. Either include it or remove the dependency array  react-hooks/exhaustive-deps

src\pages\ProfilePage.js
  Line 7:3:   'PencilIcon' is defined but never used                                                                         no-unused-vars
  Line 59:6:  React Hook useEffect has a missing dependency: 'privacyKey'. Either include it or remove the dependency array  react-hooks/exhaustive-deps

src\pages\ProviderProfilePage.js
  Line 10:3:    'ChatBubbleLeftRightIcon' is defined but never used  no-unused-vars
  Line 11:3:    'HeartIcon' is defined but never used                no-unused-vars
  Line 24:11:   't' is assigned a value but never used               no-unused-vars
  Line 36:10:   'newProduct' is assigned a value but never used      no-unused-vars
  Line 36:22:   'setNewProduct' is assigned a value but never used   no-unused-vars
  Line 40:10:   'newTeam' is assigned a value but never used         no-unused-vars
  Line 40:19:   'setNewTeam' is assigned a value but never used      no-unused-vars
  Line 240:31:  'ok' is assigned a value but never used              no-unused-vars

[39m[22m

webpack compiled with [1m[33m1 warning[39m[22m
Compiling...
Compiled with warnings.

[eslint] 
src\components\Layout\Layout.js
  Line 26:11:  'language' is assigned a value but never used  no-unused-vars

src\pages\AuctionBidsPage.js
  Line 27:5:  React Hook useEffect has a missing dependency: 'location.state?.auction'. Either include it or remove the dependency array  react-hooks/exhaustive-deps

src\pages\AuctionDetailsPage.js
  Line 3:10:  'motion' is defined but never used                                                                                         no-unused-vars
  Line 56:6:  React Hook useEffect has a missing dependency: 'location.state.auction'. Either include it or remove the dependency array  react-hooks/exhaustive-deps

src\pages\AuctionsPage.js
  Line 10:3:   'CurrencyDollarIcon' is defined but never used                                                                        no-unused-vars
  Line 11:3:   'ClockIcon' is defined but never used                                                                                 no-unused-vars
  Line 12:3:   'UserIcon' is defined but never used                                                                                  no-unused-vars
  Line 16:10:  'apiFetch' is defined but never used                                                                                  no-unused-vars
  Line 221:8:  React Hook useEffect has a missing dependency: 'calculateTimeLeft'. Either include it or remove the dependency array  react-hooks/exhaustive-deps

src\pages\ProfilePage.js
  Line 7:3:   'PencilIcon' is defined but never used                                                                         no-unused-vars
  Line 59:6:  React Hook useEffect has a missing dependency: 'privacyKey'. Either include it or remove the dependency array  react-hooks/exhaustive-deps

src\pages\ProviderProfilePage.js
  Line 22:11:   't' is assigned a value but never used              no-unused-vars
  Line 34:10:   'newProduct' is assigned a value but never used     no-unused-vars
  Line 34:22:   'setNewProduct' is assigned a value but never used  no-unused-vars
  Line 38:10:   'newTeam' is assigned a value but never used        no-unused-vars
  Line 38:19:   'setNewTeam' is assigned a value but never used     no-unused-vars
  Line 239:31:  'ok' is assigned a value but never used             no-unused-vars

Search for the keywords to learn more about each warning.
To ignore, add // eslint-disable-next-line to the line before.

[1m[33mWARNING[39m[22m in [1m[eslint] 
src\components\Layout\Layout.js
  Line 26:11:  'language' is assigned a value but never used  no-unused-vars

src\pages\AuctionBidsPage.js
  Line 27:5:  React Hook useEffect has a missing dependency: 'location.state?.auction'. Either include it or remove the dependency array  react-hooks/exhaustive-deps

src\pages\AuctionDetailsPage.js
  Line 3:10:  'motion' is defined but never used                                                                                         no-unused-vars
  Line 56:6:  React Hook useEffect has a missing dependency: 'location.state.auction'. Either include it or remove the dependency array  react-hooks/exhaustive-deps

src\pages\AuctionsPage.js
  Line 10:3:   'CurrencyDollarIcon' is defined but never used                                                                        no-unused-vars
  Line 11:3:   'ClockIcon' is defined but never used                                                                                 no-unused-vars
  Line 12:3:   'UserIcon' is defined but never used                                                                                  no-unused-vars
  Line 16:10:  'apiFetch' is defined but never used                                                                                  no-unused-vars
  Line 221:8:  React Hook useEffect has a missing dependency: 'calculateTimeLeft'. Either include it or remove the dependency array  react-hooks/exhaustive-deps

src\pages\ProfilePage.js
  Line 7:3:   'PencilIcon' is defined but never used                                                                         no-unused-vars
  Line 59:6:  React Hook useEffect has a missing dependency: 'privacyKey'. Either include it or remove the dependency array  react-hooks/exhaustive-deps

src\pages\ProviderProfilePage.js
  Line 22:11:   't' is assigned a value but never used              no-unused-vars
  Line 34:10:   'newProduct' is assigned a value but never used     no-unused-vars
  Line 34:22:   'setNewProduct' is assigned a value but never used  no-unused-vars
  Line 38:10:   'newTeam' is assigned a value but never used        no-unused-vars
  Line 38:19:   'setNewTeam' is assigned a value but never used     no-unused-vars
  Line 239:31:  'ok' is assigned a value but never used             no-unused-vars

[39m[22m

webpack compiled with [1m[33m1 warning[39m[22m
Compiling...
Compiled with warnings.

[eslint] 
src\components\Layout\Layout.js
  Line 26:11:  'language' is assigned a value but never used  no-unused-vars

src\pages\AuctionBidsPage.js
  Line 27:5:  React Hook useEffect has a missing dependency: 'location.state?.auction'. Either include it or remove the dependency array  react-hooks/exhaustive-deps

src\pages\AuctionDetailsPage.js
  Line 3:10:  'motion' is defined but never used                                                                                         no-unused-vars
  Line 56:6:  React Hook useEffect has a missing dependency: 'location.state.auction'. Either include it or remove the dependency array  react-hooks/exhaustive-deps

src\pages\AuctionsPage.js
  Line 10:3:   'CurrencyDollarIcon' is defined but never used                                                                        no-unused-vars
  Line 11:3:   'ClockIcon' is defined but never used                                                                                 no-unused-vars
  Line 12:3:   'UserIcon' is defined but never used                                                                                  no-unused-vars
  Line 16:10:  'apiFetch' is defined but never used                                                                                  no-unused-vars
  Line 221:8:  React Hook useEffect has a missing dependency: 'calculateTimeLeft'. Either include it or remove the dependency array  react-hooks/exhaustive-deps

src\pages\ProfilePage.js
  Line 7:3:   'PencilIcon' is defined but never used                                                                         no-unused-vars
  Line 59:6:  React Hook useEffect has a missing dependency: 'privacyKey'. Either include it or remove the dependency array  react-hooks/exhaustive-deps

src\pages\ProviderProfilePage.js
  Line 22:11:   't' is assigned a value but never used              no-unused-vars
  Line 34:10:   'newProduct' is assigned a value but never used     no-unused-vars
  Line 34:22:   'setNewProduct' is assigned a value but never used  no-unused-vars
  Line 38:10:   'newTeam' is assigned a value but never used        no-unused-vars
  Line 38:19:   'setNewTeam' is assigned a value but never used     no-unused-vars
  Line 239:31:  'ok' is assigned a value but never used             no-unused-vars

Search for the keywords to learn more about each warning.
To ignore, add // eslint-disable-next-line to the line before.

[1m[33mWARNING[39m[22m in [1m[eslint] 
src\components\Layout\Layout.js
  Line 26:11:  'language' is assigned a value but never used  no-unused-vars

src\pages\AuctionBidsPage.js
  Line 27:5:  React Hook useEffect has a missing dependency: 'location.state?.auction'. Either include it or remove the dependency array  react-hooks/exhaustive-deps

src\pages\AuctionDetailsPage.js
  Line 3:10:  'motion' is defined but never used                                                                                         no-unused-vars
  Line 56:6:  React Hook useEffect has a missing dependency: 'location.state.auction'. Either include it or remove the dependency array  react-hooks/exhaustive-deps

src\pages\AuctionsPage.js
  Line 10:3:   'CurrencyDollarIcon' is defined but never used                                                                        no-unused-vars
  Line 11:3:   'ClockIcon' is defined but never used                                                                                 no-unused-vars
  Line 12:3:   'UserIcon' is defined but never used                                                                                  no-unused-vars
  Line 16:10:  'apiFetch' is defined but never used                                                                                  no-unused-vars
  Line 221:8:  React Hook useEffect has a missing dependency: 'calculateTimeLeft'. Either include it or remove the dependency array  react-hooks/exhaustive-deps

src\pages\ProfilePage.js
  Line 7:3:   'PencilIcon' is defined but never used                                                                         no-unused-vars
  Line 59:6:  React Hook useEffect has a missing dependency: 'privacyKey'. Either include it or remove the dependency array  react-hooks/exhaustive-deps

src\pages\ProviderProfilePage.js
  Line 22:11:   't' is assigned a value but never used              no-unused-vars
  Line 34:10:   'newProduct' is assigned a value but never used     no-unused-vars
  Line 34:22:   'setNewProduct' is assigned a value but never used  no-unused-vars
  Line 38:10:   'newTeam' is assigned a value but never used        no-unused-vars
  Line 38:19:   'setNewTeam' is assigned a value but never used     no-unused-vars
  Line 239:31:  'ok' is assigned a value but never used             no-unused-vars

[39m[22m

webpack compiled with [1m[33m1 warning[39m[22m
Compiling...
Compiled with warnings.

[eslint] 
src\components\Layout\Layout.js
  Line 26:11:  'language' is assigned a value but never used  no-unused-vars

src\pages\AuctionBidsPage.js
  Line 27:5:  React Hook useEffect has a missing dependency: 'location.state?.auction'. Either include it or remove the dependency array  react-hooks/exhaustive-deps

src\pages\AuctionDetailsPage.js
  Line 3:10:  'motion' is defined but never used                                                                                         no-unused-vars
  Line 56:6:  React Hook useEffect has a missing dependency: 'location.state.auction'. Either include it or remove the dependency array  react-hooks/exhaustive-deps

src\pages\AuctionsPage.js
  Line 10:3:   'CurrencyDollarIcon' is defined but never used                                                                        no-unused-vars
  Line 11:3:   'ClockIcon' is defined but never used                                                                                 no-unused-vars
  Line 12:3:   'UserIcon' is defined but never used                                                                                  no-unused-vars
  Line 16:10:  'apiFetch' is defined but never used                                                                                  no-unused-vars
  Line 221:8:  React Hook useEffect has a missing dependency: 'calculateTimeLeft'. Either include it or remove the dependency array  react-hooks/exhaustive-deps

src\pages\ProfilePage.js
  Line 7:3:   'PencilIcon' is defined but never used                                                                         no-unused-vars
  Line 59:6:  React Hook useEffect has a missing dependency: 'privacyKey'. Either include it or remove the dependency array  react-hooks/exhaustive-deps

src\pages\ProviderProfilePage.js
  Line 22:11:   't' is assigned a value but never used              no-unused-vars
  Line 34:10:   'newProduct' is assigned a value but never used     no-unused-vars
  Line 34:22:   'setNewProduct' is assigned a value but never used  no-unused-vars
  Line 38:10:   'newTeam' is assigned a value but never used        no-unused-vars
  Line 38:19:   'setNewTeam' is assigned a value but never used     no-unused-vars
  Line 239:31:  'ok' is assigned a value but never used             no-unused-vars

Search for the keywords to learn more about each warning.
To ignore, add // eslint-disable-next-line to the line before.

[1m[33mWARNING[39m[22m in [1m[eslint] 
src\components\Layout\Layout.js
  Line 26:11:  'language' is assigned a value but never used  no-unused-vars

src\pages\AuctionBidsPage.js
  Line 27:5:  React Hook useEffect has a missing dependency: 'location.state?.auction'. Either include it or remove the dependency array  react-hooks/exhaustive-deps

src\pages\AuctionDetailsPage.js
  Line 3:10:  'motion' is defined but never used                                                                                         no-unused-vars
  Line 56:6:  React Hook useEffect has a missing dependency: 'location.state.auction'. Either include it or remove the dependency array  react-hooks/exhaustive-deps

src\pages\AuctionsPage.js
  Line 10:3:   'CurrencyDollarIcon' is defined but never used                                                                        no-unused-vars
  Line 11:3:   'ClockIcon' is defined but never used                                                                                 no-unused-vars
  Line 12:3:   'UserIcon' is defined but never used                                                                                  no-unused-vars
  Line 16:10:  'apiFetch' is defined but never used                                                                                  no-unused-vars
  Line 221:8:  React Hook useEffect has a missing dependency: 'calculateTimeLeft'. Either include it or remove the dependency array  react-hooks/exhaustive-deps

src\pages\ProfilePage.js
  Line 7:3:   'PencilIcon' is defined but never used                                                                         no-unused-vars
  Line 59:6:  React Hook useEffect has a missing dependency: 'privacyKey'. Either include it or remove the dependency array  react-hooks/exhaustive-deps

src\pages\ProviderProfilePage.js
  Line 22:11:   't' is assigned a value but never used              no-unused-vars
  Line 34:10:   'newProduct' is assigned a value but never used     no-unused-vars
  Line 34:22:   'setNewProduct' is assigned a value but never used  no-unused-vars
  Line 38:10:   'newTeam' is assigned a value but never used        no-unused-vars
  Line 38:19:   'setNewTeam' is assigned a value but never used     no-unused-vars
  Line 239:31:  'ok' is assigned a value but never used             no-unused-vars

[39m[22m

webpack compiled with [1m[33m1 warning[39m[22m
Compiling...
Compiled with warnings.

[eslint] 
src\components\Layout\Layout.js
  Line 26:11:  'language' is assigned a value but never used  no-unused-vars

src\pages\AuctionBidsPage.js
  Line 27:5:  React Hook useEffect has a missing dependency: 'location.state?.auction'. Either include it or remove the dependency array  react-hooks/exhaustive-deps

src\pages\AuctionDetailsPage.js
  Line 3:10:  'motion' is defined but never used                                                                                         no-unused-vars
  Line 56:6:  React Hook useEffect has a missing dependency: 'location.state.auction'. Either include it or remove the dependency array  react-hooks/exhaustive-deps

src\pages\AuctionsPage.js
  Line 10:3:   'CurrencyDollarIcon' is defined but never used                                                                        no-unused-vars
  Line 11:3:   'ClockIcon' is defined but never used                                                                                 no-unused-vars
  Line 12:3:   'UserIcon' is defined but never used                                                                                  no-unused-vars
  Line 16:10:  'apiFetch' is defined but never used                                                                                  no-unused-vars
  Line 221:8:  React Hook useEffect has a missing dependency: 'calculateTimeLeft'. Either include it or remove the dependency array  react-hooks/exhaustive-deps

src\pages\ProfilePage.js
  Line 7:3:   'PencilIcon' is defined but never used                                                                         no-unused-vars
  Line 59:6:  React Hook useEffect has a missing dependency: 'privacyKey'. Either include it or remove the dependency array  react-hooks/exhaustive-deps

src\pages\ProviderProfilePage.js
  Line 22:11:   't' is assigned a value but never used              no-unused-vars
  Line 34:10:   'newProduct' is assigned a value but never used     no-unused-vars
  Line 34:22:   'setNewProduct' is assigned a value but never used  no-unused-vars
  Line 38:10:   'newTeam' is assigned a value but never used        no-unused-vars
  Line 38:19:   'setNewTeam' is assigned a value but never used     no-unused-vars
  Line 239:31:  'ok' is assigned a value but never used             no-unused-vars

Search for the keywords to learn more about each warning.
To ignore, add // eslint-disable-next-line to the line before.

[1m[33mWARNING[39m[22m in [1m[eslint] 
src\components\Layout\Layout.js
  Line 26:11:  'language' is assigned a value but never used  no-unused-vars

src\pages\AuctionBidsPage.js
  Line 27:5:  React Hook useEffect has a missing dependency: 'location.state?.auction'. Either include it or remove the dependency array  react-hooks/exhaustive-deps

src\pages\AuctionDetailsPage.js
  Line 3:10:  'motion' is defined but never used                                                                                         no-unused-vars
  Line 56:6:  React Hook useEffect has a missing dependency: 'location.state.auction'. Either include it or remove the dependency array  react-hooks/exhaustive-deps

src\pages\AuctionsPage.js
  Line 10:3:   'CurrencyDollarIcon' is defined but never used                                                                        no-unused-vars
  Line 11:3:   'ClockIcon' is defined but never used                                                                                 no-unused-vars
  Line 12:3:   'UserIcon' is defined but never used                                                                                  no-unused-vars
  Line 16:10:  'apiFetch' is defined but never used                                                                                  no-unused-vars
  Line 221:8:  React Hook useEffect has a missing dependency: 'calculateTimeLeft'. Either include it or remove the dependency array  react-hooks/exhaustive-deps

src\pages\ProfilePage.js
  Line 7:3:   'PencilIcon' is defined but never used                                                                         no-unused-vars
  Line 59:6:  React Hook useEffect has a missing dependency: 'privacyKey'. Either include it or remove the dependency array  react-hooks/exhaustive-deps

src\pages\ProviderProfilePage.js
  Line 22:11:   't' is assigned a value but never used              no-unused-vars
  Line 34:10:   'newProduct' is assigned a value but never used     no-unused-vars
  Line 34:22:   'setNewProduct' is assigned a value but never used  no-unused-vars
  Line 38:10:   'newTeam' is assigned a value but never used        no-unused-vars
  Line 38:19:   'setNewTeam' is assigned a value but never used     no-unused-vars
  Line 239:31:  'ok' is assigned a value but never used             no-unused-vars

[39m[22m

webpack compiled with [1m[33m1 warning[39m[22m
Compiling...
Compiled with warnings.

[eslint] 
src\components\Layout\Layout.js
  Line 26:11:  'language' is assigned a value but never used  no-unused-vars

src\pages\AuctionBidsPage.js
  Line 27:5:  React Hook useEffect has a missing dependency: 'location.state?.auction'. Either include it or remove the dependency array  react-hooks/exhaustive-deps

src\pages\AuctionDetailsPage.js
  Line 3:10:  'motion' is defined but never used                                                                                         no-unused-vars
  Line 56:6:  React Hook useEffect has a missing dependency: 'location.state.auction'. Either include it or remove the dependency array  react-hooks/exhaustive-deps

src\pages\AuctionsPage.js
  Line 10:3:   'CurrencyDollarIcon' is defined but never used                                                                        no-unused-vars
  Line 11:3:   'ClockIcon' is defined but never used                                                                                 no-unused-vars
  Line 12:3:   'UserIcon' is defined but never used                                                                                  no-unused-vars
  Line 16:10:  'apiFetch' is defined but never used                                                                                  no-unused-vars
  Line 221:8:  React Hook useEffect has a missing dependency: 'calculateTimeLeft'. Either include it or remove the dependency array  react-hooks/exhaustive-deps

src\pages\ProfilePage.js
  Line 7:3:   'PencilIcon' is defined but never used                                                                         no-unused-vars
  Line 59:6:  React Hook useEffect has a missing dependency: 'privacyKey'. Either include it or remove the dependency array  react-hooks/exhaustive-deps

src\pages\ProviderProfilePage.js
  Line 22:11:   't' is assigned a value but never used              no-unused-vars
  Line 34:10:   'newProduct' is assigned a value but never used     no-unused-vars
  Line 34:22:   'setNewProduct' is assigned a value but never used  no-unused-vars
  Line 38:10:   'newTeam' is assigned a value but never used        no-unused-vars
  Line 38:19:   'setNewTeam' is assigned a value but never used     no-unused-vars
  Line 239:31:  'ok' is assigned a value but never used             no-unused-vars

Search for the keywords to learn more about each warning.
To ignore, add // eslint-disable-next-line to the line before.

[1m[33mWARNING[39m[22m in [1m[eslint] 
src\components\Layout\Layout.js
  Line 26:11:  'language' is assigned a value but never used  no-unused-vars

src\pages\AuctionBidsPage.js
  Line 27:5:  React Hook useEffect has a missing dependency: 'location.state?.auction'. Either include it or remove the dependency array  react-hooks/exhaustive-deps

src\pages\AuctionDetailsPage.js
  Line 3:10:  'motion' is defined but never used                                                                                         no-unused-vars
  Line 56:6:  React Hook useEffect has a missing dependency: 'location.state.auction'. Either include it or remove the dependency array  react-hooks/exhaustive-deps

src\pages\AuctionsPage.js
  Line 10:3:   'CurrencyDollarIcon' is defined but never used                                                                        no-unused-vars
  Line 11:3:   'ClockIcon' is defined but never used                                                                                 no-unused-vars
  Line 12:3:   'UserIcon' is defined but never used                                                                                  no-unused-vars
  Line 16:10:  'apiFetch' is defined but never used                                                                                  no-unused-vars
  Line 221:8:  React Hook useEffect has a missing dependency: 'calculateTimeLeft'. Either include it or remove the dependency array  react-hooks/exhaustive-deps

src\pages\ProfilePage.js
  Line 7:3:   'PencilIcon' is defined but never used                                                                         no-unused-vars
  Line 59:6:  React Hook useEffect has a missing dependency: 'privacyKey'. Either include it or remove the dependency array  react-hooks/exhaustive-deps

src\pages\ProviderProfilePage.js
  Line 22:11:   't' is assigned a value but never used              no-unused-vars
  Line 34:10:   'newProduct' is assigned a value but never used     no-unused-vars
  Line 34:22:   'setNewProduct' is assigned a value but never used  no-unused-vars
  Line 38:10:   'newTeam' is assigned a value but never used        no-unused-vars
  Line 38:19:   'setNewTeam' is assigned a value but never used     no-unused-vars
  Line 239:31:  'ok' is assigned a value but never used             no-unused-vars

[39m[22m

webpack compiled with [1m[33m1 warning[39m[22m
Compiling...
Compiled with warnings.

[eslint] 
src\components\Layout\Layout.js
  Line 26:11:  'language' is assigned a value but never used  no-unused-vars

src\pages\AuctionBidsPage.js
  Line 27:5:  React Hook useEffect has a missing dependency: 'location.state?.auction'. Either include it or remove the dependency array  react-hooks/exhaustive-deps

src\pages\AuctionDetailsPage.js
  Line 3:10:  'motion' is defined but never used                                                                                         no-unused-vars
  Line 56:6:  React Hook useEffect has a missing dependency: 'location.state.auction'. Either include it or remove the dependency array  react-hooks/exhaustive-deps

src\pages\AuctionsPage.js
  Line 10:3:   'CurrencyDollarIcon' is defined but never used                                                                        no-unused-vars
  Line 11:3:   'ClockIcon' is defined but never used                                                                                 no-unused-vars
  Line 12:3:   'UserIcon' is defined but never used                                                                                  no-unused-vars
  Line 17:10:  'apiFetch' is defined but never used                                                                                  no-unused-vars
  Line 222:8:  React Hook useEffect has a missing dependency: 'calculateTimeLeft'. Either include it or remove the dependency array  react-hooks/exhaustive-deps

src\pages\ProfilePage.js
  Line 7:3:   'PencilIcon' is defined but never used                                                                         no-unused-vars
  Line 59:6:  React Hook useEffect has a missing dependency: 'privacyKey'. Either include it or remove the dependency array  react-hooks/exhaustive-deps

src\pages\ProviderProfilePage.js
  Line 22:11:   't' is assigned a value but never used              no-unused-vars
  Line 34:10:   'newProduct' is assigned a value but never used     no-unused-vars
  Line 34:22:   'setNewProduct' is assigned a value but never used  no-unused-vars
  Line 38:10:   'newTeam' is assigned a value but never used        no-unused-vars
  Line 38:19:   'setNewTeam' is assigned a value but never used     no-unused-vars
  Line 239:31:  'ok' is assigned a value but never used             no-unused-vars

Search for the keywords to learn more about each warning.
To ignore, add // eslint-disable-next-line to the line before.

[1m[33mWARNING[39m[22m in [1m[eslint] 
src\components\Layout\Layout.js
  Line 26:11:  'language' is assigned a value but never used  no-unused-vars

src\pages\AuctionBidsPage.js
  Line 27:5:  React Hook useEffect has a missing dependency: 'location.state?.auction'. Either include it or remove the dependency array  react-hooks/exhaustive-deps

src\pages\AuctionDetailsPage.js
  Line 3:10:  'motion' is defined but never used                                                                                         no-unused-vars
  Line 56:6:  React Hook useEffect has a missing dependency: 'location.state.auction'. Either include it or remove the dependency array  react-hooks/exhaustive-deps

src\pages\AuctionsPage.js
  Line 10:3:   'CurrencyDollarIcon' is defined but never used                                                                        no-unused-vars
  Line 11:3:   'ClockIcon' is defined but never used                                                                                 no-unused-vars
  Line 12:3:   'UserIcon' is defined but never used                                                                                  no-unused-vars
  Line 17:10:  'apiFetch' is defined but never used                                                                                  no-unused-vars
  Line 222:8:  React Hook useEffect has a missing dependency: 'calculateTimeLeft'. Either include it or remove the dependency array  react-hooks/exhaustive-deps

src\pages\ProfilePage.js
  Line 7:3:   'PencilIcon' is defined but never used                                                                         no-unused-vars
  Line 59:6:  React Hook useEffect has a missing dependency: 'privacyKey'. Either include it or remove the dependency array  react-hooks/exhaustive-deps

src\pages\ProviderProfilePage.js
  Line 22:11:   't' is assigned a value but never used              no-unused-vars
  Line 34:10:   'newProduct' is assigned a value but never used     no-unused-vars
  Line 34:22:   'setNewProduct' is assigned a value but never used  no-unused-vars
  Line 38:10:   'newTeam' is assigned a value but never used        no-unused-vars
  Line 38:19:   'setNewTeam' is assigned a value but never used     no-unused-vars
  Line 239:31:  'ok' is assigned a value but never used             no-unused-vars

[39m[22m

webpack compiled with [1m[33m1 warning[39m[22m
Compiling...
Compiled with warnings.

[eslint] 
src\components\Layout\Layout.js
  Line 26:11:  'language' is assigned a value but never used  no-unused-vars

src\pages\AuctionBidsPage.js
  Line 27:5:  React Hook useEffect has a missing dependency: 'location.state?.auction'. Either include it or remove the dependency array  react-hooks/exhaustive-deps

src\pages\AuctionDetailsPage.js
  Line 3:10:  'motion' is defined but never used                                                                                         no-unused-vars
  Line 56:6:  React Hook useEffect has a missing dependency: 'location.state.auction'. Either include it or remove the dependency array  react-hooks/exhaustive-deps

src\pages\AuctionsPage.js
  Line 10:3:   'CurrencyDollarIcon' is defined but never used                                                                        no-unused-vars
  Line 11:3:   'ClockIcon' is defined but never used                                                                                 no-unused-vars
  Line 12:3:   'UserIcon' is defined but never used                                                                                  no-unused-vars
  Line 17:10:  'apiFetch' is defined but never used                                                                                  no-unused-vars
  Line 222:8:  React Hook useEffect has a missing dependency: 'calculateTimeLeft'. Either include it or remove the dependency array  react-hooks/exhaustive-deps

src\pages\ProfilePage.js
  Line 7:3:   'PencilIcon' is defined but never used                                                                         no-unused-vars
  Line 59:6:  React Hook useEffect has a missing dependency: 'privacyKey'. Either include it or remove the dependency array  react-hooks/exhaustive-deps

src\pages\ProviderProfilePage.js
  Line 22:11:   't' is assigned a value but never used              no-unused-vars
  Line 34:10:   'newProduct' is assigned a value but never used     no-unused-vars
  Line 34:22:   'setNewProduct' is assigned a value but never used  no-unused-vars
  Line 38:10:   'newTeam' is assigned a value but never used        no-unused-vars
  Line 38:19:   'setNewTeam' is assigned a value but never used     no-unused-vars
  Line 239:31:  'ok' is assigned a value but never used             no-unused-vars

Search for the keywords to learn more about each warning.
To ignore, add // eslint-disable-next-line to the line before.

[1m[33mWARNING[39m[22m in [1m[eslint] 
src\components\Layout\Layout.js
  Line 26:11:  'language' is assigned a value but never used  no-unused-vars

src\pages\AuctionBidsPage.js
  Line 27:5:  React Hook useEffect has a missing dependency: 'location.state?.auction'. Either include it or remove the dependency array  react-hooks/exhaustive-deps

src\pages\AuctionDetailsPage.js
  Line 3:10:  'motion' is defined but never used                                                                                         no-unused-vars
  Line 56:6:  React Hook useEffect has a missing dependency: 'location.state.auction'. Either include it or remove the dependency array  react-hooks/exhaustive-deps

src\pages\AuctionsPage.js
  Line 10:3:   'CurrencyDollarIcon' is defined but never used                                                                        no-unused-vars
  Line 11:3:   'ClockIcon' is defined but never used                                                                                 no-unused-vars
  Line 12:3:   'UserIcon' is defined but never used                                                                                  no-unused-vars
  Line 17:10:  'apiFetch' is defined but never used                                                                                  no-unused-vars
  Line 222:8:  React Hook useEffect has a missing dependency: 'calculateTimeLeft'. Either include it or remove the dependency array  react-hooks/exhaustive-deps

src\pages\ProfilePage.js
  Line 7:3:   'PencilIcon' is defined but never used                                                                         no-unused-vars
  Line 59:6:  React Hook useEffect has a missing dependency: 'privacyKey'. Either include it or remove the dependency array  react-hooks/exhaustive-deps

src\pages\ProviderProfilePage.js
  Line 22:11:   't' is assigned a value but never used              no-unused-vars
  Line 34:10:   'newProduct' is assigned a value but never used     no-unused-vars
  Line 34:22:   'setNewProduct' is assigned a value but never used  no-unused-vars
  Line 38:10:   'newTeam' is assigned a value but never used        no-unused-vars
  Line 38:19:   'setNewTeam' is assigned a value but never used     no-unused-vars
  Line 239:31:  'ok' is assigned a value but never used             no-unused-vars

[39m[22m

webpack compiled with [1m[33m1 warning[39m[22m
Compiling...
Compiled with warnings.

[eslint] 
src\components\Layout\Layout.js
  Line 26:11:  'language' is assigned a value but never used  no-unused-vars

src\pages\AuctionBidsPage.js
  Line 27:5:  React Hook useEffect has a missing dependency: 'location.state?.auction'. Either include it or remove the dependency array  react-hooks/exhaustive-deps

src\pages\AuctionDetailsPage.js
  Line 3:10:  'motion' is defined but never used                                                                                         no-unused-vars
  Line 56:6:  React Hook useEffect has a missing dependency: 'location.state.auction'. Either include it or remove the dependency array  react-hooks/exhaustive-deps

src\pages\AuctionsPage.js
  Line 10:3:   'CurrencyDollarIcon' is defined but never used                                                                        no-unused-vars
  Line 11:3:   'ClockIcon' is defined but never used                                                                                 no-unused-vars
  Line 12:3:   'UserIcon' is defined but never used                                                                                  no-unused-vars
  Line 17:10:  'apiFetch' is defined but never used                                                                                  no-unused-vars
  Line 222:8:  React Hook useEffect has a missing dependency: 'calculateTimeLeft'. Either include it or remove the dependency array  react-hooks/exhaustive-deps

src\pages\ProfilePage.js
  Line 7:3:   'PencilIcon' is defined but never used                                                                         no-unused-vars
  Line 59:6:  React Hook useEffect has a missing dependency: 'privacyKey'. Either include it or remove the dependency array  react-hooks/exhaustive-deps

src\pages\ProviderProfilePage.js
  Line 22:11:   't' is assigned a value but never used              no-unused-vars
  Line 34:10:   'newProduct' is assigned a value but never used     no-unused-vars
  Line 34:22:   'setNewProduct' is assigned a value but never used  no-unused-vars
  Line 38:10:   'newTeam' is assigned a value but never used        no-unused-vars
  Line 38:19:   'setNewTeam' is assigned a value but never used     no-unused-vars
  Line 239:31:  'ok' is assigned a value but never used             no-unused-vars

Search for the keywords to learn more about each warning.
To ignore, add // eslint-disable-next-line to the line before.

[1m[33mWARNING[39m[22m in [1m[eslint] 
src\components\Layout\Layout.js
  Line 26:11:  'language' is assigned a value but never used  no-unused-vars

src\pages\AuctionBidsPage.js
  Line 27:5:  React Hook useEffect has a missing dependency: 'location.state?.auction'. Either include it or remove the dependency array  react-hooks/exhaustive-deps

src\pages\AuctionDetailsPage.js
  Line 3:10:  'motion' is defined but never used                                                                                         no-unused-vars
  Line 56:6:  React Hook useEffect has a missing dependency: 'location.state.auction'. Either include it or remove the dependency array  react-hooks/exhaustive-deps

src\pages\AuctionsPage.js
  Line 10:3:   'CurrencyDollarIcon' is defined but never used                                                                        no-unused-vars
  Line 11:3:   'ClockIcon' is defined but never used                                                                                 no-unused-vars
  Line 12:3:   'UserIcon' is defined but never used                                                                                  no-unused-vars
  Line 17:10:  'apiFetch' is defined but never used                                                                                  no-unused-vars
  Line 222:8:  React Hook useEffect has a missing dependency: 'calculateTimeLeft'. Either include it or remove the dependency array  react-hooks/exhaustive-deps

src\pages\ProfilePage.js
  Line 7:3:   'PencilIcon' is defined but never used                                                                         no-unused-vars
  Line 59:6:  React Hook useEffect has a missing dependency: 'privacyKey'. Either include it or remove the dependency array  react-hooks/exhaustive-deps

src\pages\ProviderProfilePage.js
  Line 22:11:   't' is assigned a value but never used              no-unused-vars
  Line 34:10:   'newProduct' is assigned a value but never used     no-unused-vars
  Line 34:22:   'setNewProduct' is assigned a value but never used  no-unused-vars
  Line 38:10:   'newTeam' is assigned a value but never used        no-unused-vars
  Line 38:19:   'setNewTeam' is assigned a value but never used     no-unused-vars
  Line 239:31:  'ok' is assigned a value but never used             no-unused-vars

[39m[22m

webpack compiled with [1m[33m1 warning[39m[22m
Compiling...
Compiled with warnings.

[eslint] 
src\components\Layout\Layout.js
  Line 26:11:  'language' is assigned a value but never used  no-unused-vars

src\pages\AuctionBidsPage.js
  Line 27:5:  React Hook useEffect has a missing dependency: 'location.state?.auction'. Either include it or remove the dependency array  react-hooks/exhaustive-deps

src\pages\AuctionDetailsPage.js
  Line 3:10:  'motion' is defined but never used                                                                                         no-unused-vars
  Line 56:6:  React Hook useEffect has a missing dependency: 'location.state.auction'. Either include it or remove the dependency array  react-hooks/exhaustive-deps

src\pages\AuctionsPage.js
  Line 10:3:   'CurrencyDollarIcon' is defined but never used                                                                        no-unused-vars
  Line 11:3:   'ClockIcon' is defined but never used                                                                                 no-unused-vars
  Line 12:3:   'UserIcon' is defined but never used                                                                                  no-unused-vars
  Line 17:10:  'apiFetch' is defined but never used                                                                                  no-unused-vars
  Line 222:8:  React Hook useEffect has a missing dependency: 'calculateTimeLeft'. Either include it or remove the dependency array  react-hooks/exhaustive-deps

src\pages\ProfilePage.js
  Line 7:3:   'PencilIcon' is defined but never used                                                                         no-unused-vars
  Line 59:6:  React Hook useEffect has a missing dependency: 'privacyKey'. Either include it or remove the dependency array  react-hooks/exhaustive-deps

src\pages\ProviderProfilePage.js
  Line 22:11:   't' is assigned a value but never used              no-unused-vars
  Line 34:10:   'newProduct' is assigned a value but never used     no-unused-vars
  Line 34:22:   'setNewProduct' is assigned a value but never used  no-unused-vars
  Line 38:10:   'newTeam' is assigned a value but never used        no-unused-vars
  Line 38:19:   'setNewTeam' is assigned a value but never used     no-unused-vars
  Line 239:31:  'ok' is assigned a value but never used             no-unused-vars

src\pages\ServicesPage.js
  Line 37:10:  'quickViewId' is assigned a value but never used     no-unused-vars
  Line 37:23:  'setQuickViewId' is assigned a value but never used  no-unused-vars

Search for the keywords to learn more about each warning.
To ignore, add // eslint-disable-next-line to the line before.

[1m[33mWARNING[39m[22m in [1m[eslint] 
src\components\Layout\Layout.js
  Line 26:11:  'language' is assigned a value but never used  no-unused-vars

src\pages\AuctionBidsPage.js
  Line 27:5:  React Hook useEffect has a missing dependency: 'location.state?.auction'. Either include it or remove the dependency array  react-hooks/exhaustive-deps

src\pages\AuctionDetailsPage.js
  Line 3:10:  'motion' is defined but never used                                                                                         no-unused-vars
  Line 56:6:  React Hook useEffect has a missing dependency: 'location.state.auction'. Either include it or remove the dependency array  react-hooks/exhaustive-deps

src\pages\AuctionsPage.js
  Line 10:3:   'CurrencyDollarIcon' is defined but never used                                                                        no-unused-vars
  Line 11:3:   'ClockIcon' is defined but never used                                                                                 no-unused-vars
  Line 12:3:   'UserIcon' is defined but never used                                                                                  no-unused-vars
  Line 17:10:  'apiFetch' is defined but never used                                                                                  no-unused-vars
  Line 222:8:  React Hook useEffect has a missing dependency: 'calculateTimeLeft'. Either include it or remove the dependency array  react-hooks/exhaustive-deps

src\pages\ProfilePage.js
  Line 7:3:   'PencilIcon' is defined but never used                                                                         no-unused-vars
  Line 59:6:  React Hook useEffect has a missing dependency: 'privacyKey'. Either include it or remove the dependency array  react-hooks/exhaustive-deps

src\pages\ProviderProfilePage.js
  Line 22:11:   't' is assigned a value but never used              no-unused-vars
  Line 34:10:   'newProduct' is assigned a value but never used     no-unused-vars
  Line 34:22:   'setNewProduct' is assigned a value but never used  no-unused-vars
  Line 38:10:   'newTeam' is assigned a value but never used        no-unused-vars
  Line 38:19:   'setNewTeam' is assigned a value but never used     no-unused-vars
  Line 239:31:  'ok' is assigned a value but never used             no-unused-vars

src\pages\ServicesPage.js
  Line 37:10:  'quickViewId' is assigned a value but never used     no-unused-vars
  Line 37:23:  'setQuickViewId' is assigned a value but never used  no-unused-vars

[39m[22m

webpack compiled with [1m[33m1 warning[39m[22m
Compiling...
Compiled with warnings.

[eslint] 
src\components\Layout\Layout.js
  Line 26:11:  'language' is assigned a value but never used  no-unused-vars

src\pages\AuctionBidsPage.js
  Line 27:5:  React Hook useEffect has a missing dependency: 'location.state?.auction'. Either include it or remove the dependency array  react-hooks/exhaustive-deps

src\pages\AuctionDetailsPage.js
  Line 3:10:  'motion' is defined but never used                                                                                         no-unused-vars
  Line 56:6:  React Hook useEffect has a missing dependency: 'location.state.auction'. Either include it or remove the dependency array  react-hooks/exhaustive-deps

src\pages\AuctionsPage.js
  Line 10:3:   'CurrencyDollarIcon' is defined but never used                                                                        no-unused-vars
  Line 11:3:   'ClockIcon' is defined but never used                                                                                 no-unused-vars
  Line 12:3:   'UserIcon' is defined but never used                                                                                  no-unused-vars
  Line 17:10:  'apiFetch' is defined but never used                                                                                  no-unused-vars
  Line 222:8:  React Hook useEffect has a missing dependency: 'calculateTimeLeft'. Either include it or remove the dependency array  react-hooks/exhaustive-deps

src\pages\ProfilePage.js
  Line 7:3:   'PencilIcon' is defined but never used                                                                         no-unused-vars
  Line 59:6:  React Hook useEffect has a missing dependency: 'privacyKey'. Either include it or remove the dependency array  react-hooks/exhaustive-deps

src\pages\ProviderProfilePage.js
  Line 22:11:   't' is assigned a value but never used              no-unused-vars
  Line 34:10:   'newProduct' is assigned a value but never used     no-unused-vars
  Line 34:22:   'setNewProduct' is assigned a value but never used  no-unused-vars
  Line 38:10:   'newTeam' is assigned a value but never used        no-unused-vars
  Line 38:19:   'setNewTeam' is assigned a value but never used     no-unused-vars
  Line 239:31:  'ok' is assigned a value but never used             no-unused-vars

src\pages\ServicesPage.js
  Line 37:10:  'quickViewId' is assigned a value but never used     no-unused-vars
  Line 37:23:  'setQuickViewId' is assigned a value but never used  no-unused-vars

Search for the keywords to learn more about each warning.
To ignore, add // eslint-disable-next-line to the line before.

[1m[33mWARNING[39m[22m in [1m[eslint] 
src\components\Layout\Layout.js
  Line 26:11:  'language' is assigned a value but never used  no-unused-vars

src\pages\AuctionBidsPage.js
  Line 27:5:  React Hook useEffect has a missing dependency: 'location.state?.auction'. Either include it or remove the dependency array  react-hooks/exhaustive-deps

src\pages\AuctionDetailsPage.js
  Line 3:10:  'motion' is defined but never used                                                                                         no-unused-vars
  Line 56:6:  React Hook useEffect has a missing dependency: 'location.state.auction'. Either include it or remove the dependency array  react-hooks/exhaustive-deps

src\pages\AuctionsPage.js
  Line 10:3:   'CurrencyDollarIcon' is defined but never used                                                                        no-unused-vars
  Line 11:3:   'ClockIcon' is defined but never used                                                                                 no-unused-vars
  Line 12:3:   'UserIcon' is defined but never used                                                                                  no-unused-vars
  Line 17:10:  'apiFetch' is defined but never used                                                                                  no-unused-vars
  Line 222:8:  React Hook useEffect has a missing dependency: 'calculateTimeLeft'. Either include it or remove the dependency array  react-hooks/exhaustive-deps

src\pages\ProfilePage.js
  Line 7:3:   'PencilIcon' is defined but never used                                                                         no-unused-vars
  Line 59:6:  React Hook useEffect has a missing dependency: 'privacyKey'. Either include it or remove the dependency array  react-hooks/exhaustive-deps

src\pages\ProviderProfilePage.js
  Line 22:11:   't' is assigned a value but never used              no-unused-vars
  Line 34:10:   'newProduct' is assigned a value but never used     no-unused-vars
  Line 34:22:   'setNewProduct' is assigned a value but never used  no-unused-vars
  Line 38:10:   'newTeam' is assigned a value but never used        no-unused-vars
  Line 38:19:   'setNewTeam' is assigned a value but never used     no-unused-vars
  Line 239:31:  'ok' is assigned a value but never used             no-unused-vars

src\pages\ServicesPage.js
  Line 37:10:  'quickViewId' is assigned a value but never used     no-unused-vars
  Line 37:23:  'setQuickViewId' is assigned a value but never used  no-unused-vars

[39m[22m

webpack compiled with [1m[33m1 warning[39m[22m
Compiling...
Compiled with warnings.

[eslint] 
src\components\Layout\Layout.js
  Line 26:11:  'language' is assigned a value but never used  no-unused-vars

src\pages\AuctionBidsPage.js
  Line 27:5:  React Hook useEffect has a missing dependency: 'location.state?.auction'. Either include it or remove the dependency array  react-hooks/exhaustive-deps

src\pages\AuctionDetailsPage.js
  Line 3:10:  'motion' is defined but never used                                                                                         no-unused-vars
  Line 56:6:  React Hook useEffect has a missing dependency: 'location.state.auction'. Either include it or remove the dependency array  react-hooks/exhaustive-deps

src\pages\AuctionsPage.js
  Line 10:3:   'CurrencyDollarIcon' is defined but never used                                                                        no-unused-vars
  Line 11:3:   'ClockIcon' is defined but never used                                                                                 no-unused-vars
  Line 12:3:   'UserIcon' is defined but never used                                                                                  no-unused-vars
  Line 17:10:  'apiFetch' is defined but never used                                                                                  no-unused-vars
  Line 222:8:  React Hook useEffect has a missing dependency: 'calculateTimeLeft'. Either include it or remove the dependency array  react-hooks/exhaustive-deps

src\pages\ProfilePage.js
  Line 7:3:   'PencilIcon' is defined but never used                                                                         no-unused-vars
  Line 59:6:  React Hook useEffect has a missing dependency: 'privacyKey'. Either include it or remove the dependency array  react-hooks/exhaustive-deps

src\pages\ProviderProfilePage.js
  Line 22:11:   't' is assigned a value but never used              no-unused-vars
  Line 34:10:   'newProduct' is assigned a value but never used     no-unused-vars
  Line 34:22:   'setNewProduct' is assigned a value but never used  no-unused-vars
  Line 38:10:   'newTeam' is assigned a value but never used        no-unused-vars
  Line 38:19:   'setNewTeam' is assigned a value but never used     no-unused-vars
  Line 239:31:  'ok' is assigned a value but never used             no-unused-vars

src\pages\ServicesPage.js
  Line 37:10:  'quickViewId' is assigned a value but never used     no-unused-vars
  Line 37:23:  'setQuickViewId' is assigned a value but never used  no-unused-vars

Search for the keywords to learn more about each warning.
To ignore, add // eslint-disable-next-line to the line before.

[1m[33mWARNING[39m[22m in [1m[eslint] 
src\components\Layout\Layout.js
  Line 26:11:  'language' is assigned a value but never used  no-unused-vars

src\pages\AuctionBidsPage.js
  Line 27:5:  React Hook useEffect has a missing dependency: 'location.state?.auction'. Either include it or remove the dependency array  react-hooks/exhaustive-deps

src\pages\AuctionDetailsPage.js
  Line 3:10:  'motion' is defined but never used                                                                                         no-unused-vars
  Line 56:6:  React Hook useEffect has a missing dependency: 'location.state.auction'. Either include it or remove the dependency array  react-hooks/exhaustive-deps

src\pages\AuctionsPage.js
  Line 10:3:   'CurrencyDollarIcon' is defined but never used                                                                        no-unused-vars
  Line 11:3:   'ClockIcon' is defined but never used                                                                                 no-unused-vars
  Line 12:3:   'UserIcon' is defined but never used                                                                                  no-unused-vars
  Line 17:10:  'apiFetch' is defined but never used                                                                                  no-unused-vars
  Line 222:8:  React Hook useEffect has a missing dependency: 'calculateTimeLeft'. Either include it or remove the dependency array  react-hooks/exhaustive-deps

src\pages\ProfilePage.js
  Line 7:3:   'PencilIcon' is defined but never used                                                                         no-unused-vars
  Line 59:6:  React Hook useEffect has a missing dependency: 'privacyKey'. Either include it or remove the dependency array  react-hooks/exhaustive-deps

src\pages\ProviderProfilePage.js
  Line 22:11:   't' is assigned a value but never used              no-unused-vars
  Line 34:10:   'newProduct' is assigned a value but never used     no-unused-vars
  Line 34:22:   'setNewProduct' is assigned a value but never used  no-unused-vars
  Line 38:10:   'newTeam' is assigned a value but never used        no-unused-vars
  Line 38:19:   'setNewTeam' is assigned a value but never used     no-unused-vars
  Line 239:31:  'ok' is assigned a value but never used             no-unused-vars

src\pages\ServicesPage.js
  Line 37:10:  'quickViewId' is assigned a value but never used     no-unused-vars
  Line 37:23:  'setQuickViewId' is assigned a value but never used  no-unused-vars

[39m[22m

webpack compiled with [1m[33m1 warning[39m[22m
Compiling...
Compiled with warnings.

[eslint] 
src\components\Layout\Layout.js
  Line 26:11:  'language' is assigned a value but never used  no-unused-vars

src\pages\AuctionBidsPage.js
  Line 27:5:  React Hook useEffect has a missing dependency: 'location.state?.auction'. Either include it or remove the dependency array  react-hooks/exhaustive-deps

src\pages\AuctionDetailsPage.js
  Line 3:10:  'motion' is defined but never used                                                                                         no-unused-vars
  Line 56:6:  React Hook useEffect has a missing dependency: 'location.state.auction'. Either include it or remove the dependency array  react-hooks/exhaustive-deps

src\pages\AuctionsPage.js
  Line 10:3:   'CurrencyDollarIcon' is defined but never used                                                                        no-unused-vars
  Line 11:3:   'ClockIcon' is defined but never used                                                                                 no-unused-vars
  Line 12:3:   'UserIcon' is defined but never used                                                                                  no-unused-vars
  Line 17:10:  'apiFetch' is defined but never used                                                                                  no-unused-vars
  Line 222:8:  React Hook useEffect has a missing dependency: 'calculateTimeLeft'. Either include it or remove the dependency array  react-hooks/exhaustive-deps

src\pages\ProfilePage.js
  Line 7:3:   'PencilIcon' is defined but never used                                                                         no-unused-vars
  Line 59:6:  React Hook useEffect has a missing dependency: 'privacyKey'. Either include it or remove the dependency array  react-hooks/exhaustive-deps

src\pages\ProviderProfilePage.js
  Line 22:11:   't' is assigned a value but never used              no-unused-vars
  Line 34:10:   'newProduct' is assigned a value but never used     no-unused-vars
  Line 34:22:   'setNewProduct' is assigned a value but never used  no-unused-vars
  Line 38:10:   'newTeam' is assigned a value but never used        no-unused-vars
  Line 38:19:   'setNewTeam' is assigned a value but never used     no-unused-vars
  Line 239:31:  'ok' is assigned a value but never used             no-unused-vars

src\pages\ServicesPage.js
  Line 37:10:  'quickViewId' is assigned a value but never used     no-unused-vars
  Line 37:23:  'setQuickViewId' is assigned a value but never used  no-unused-vars

Search for the keywords to learn more about each warning.
To ignore, add // eslint-disable-next-line to the line before.

[1m[33mWARNING[39m[22m in [1m[eslint] 
src\components\Layout\Layout.js
  Line 26:11:  'language' is assigned a value but never used  no-unused-vars

src\pages\AuctionBidsPage.js
  Line 27:5:  React Hook useEffect has a missing dependency: 'location.state?.auction'. Either include it or remove the dependency array  react-hooks/exhaustive-deps

src\pages\AuctionDetailsPage.js
  Line 3:10:  'motion' is defined but never used                                                                                         no-unused-vars
  Line 56:6:  React Hook useEffect has a missing dependency: 'location.state.auction'. Either include it or remove the dependency array  react-hooks/exhaustive-deps

src\pages\AuctionsPage.js
  Line 10:3:   'CurrencyDollarIcon' is defined but never used                                                                        no-unused-vars
  Line 11:3:   'ClockIcon' is defined but never used                                                                                 no-unused-vars
  Line 12:3:   'UserIcon' is defined but never used                                                                                  no-unused-vars
  Line 17:10:  'apiFetch' is defined but never used                                                                                  no-unused-vars
  Line 222:8:  React Hook useEffect has a missing dependency: 'calculateTimeLeft'. Either include it or remove the dependency array  react-hooks/exhaustive-deps

src\pages\ProfilePage.js
  Line 7:3:   'PencilIcon' is defined but never used                                                                         no-unused-vars
  Line 59:6:  React Hook useEffect has a missing dependency: 'privacyKey'. Either include it or remove the dependency array  react-hooks/exhaustive-deps

src\pages\ProviderProfilePage.js
  Line 22:11:   't' is assigned a value but never used              no-unused-vars
  Line 34:10:   'newProduct' is assigned a value but never used     no-unused-vars
  Line 34:22:   'setNewProduct' is assigned a value but never used  no-unused-vars
  Line 38:10:   'newTeam' is assigned a value but never used        no-unused-vars
  Line 38:19:   'setNewTeam' is assigned a value but never used     no-unused-vars
  Line 239:31:  'ok' is assigned a value but never used             no-unused-vars

src\pages\ServicesPage.js
  Line 37:10:  'quickViewId' is assigned a value but never used     no-unused-vars
  Line 37:23:  'setQuickViewId' is assigned a value but never used  no-unused-vars

[39m[22m

webpack compiled with [1m[33m1 warning[39m[22m
Compiling...
Failed to compile.

[eslint] 
src\components\Help\HelpWidget.js
Syntax error: Expected corresponding JSX closing tag for <div>. (147:3) (147:3)
[1m[33mWARNING[39m[22m in [1m[eslint] 
src\components\Layout\Layout.js
  Line 27:11:  'language' is assigned a value but never used  no-unused-vars

src\pages\AuctionBidsPage.js
  Line 27:5:  React Hook useEffect has a missing dependency: 'location.state?.auction'. Either include it or remove the dependency array  react-hooks/exhaustive-deps

src\pages\AuctionDetailsPage.js
  Line 3:10:  'motion' is defined but never used                                                                                         no-unused-vars
  Line 56:6:  React Hook useEffect has a missing dependency: 'location.state.auction'. Either include it or remove the dependency array  react-hooks/exhaustive-deps

src\pages\AuctionsPage.js
  Line 10:3:   'CurrencyDollarIcon' is defined but never used                                                                        no-unused-vars
  Line 11:3:   'ClockIcon' is defined but never used                                                                                 no-unused-vars
  Line 12:3:   'UserIcon' is defined but never used                                                                                  no-unused-vars
  Line 17:10:  'apiFetch' is defined but never used                                                                                  no-unused-vars
  Line 222:8:  React Hook useEffect has a missing dependency: 'calculateTimeLeft'. Either include it or remove the dependency array  react-hooks/exhaustive-deps

src\pages\ProfilePage.js
  Line 7:3:   'PencilIcon' is defined but never used                                                                         no-unused-vars
  Line 59:6:  React Hook useEffect has a missing dependency: 'privacyKey'. Either include it or remove the dependency array  react-hooks/exhaustive-deps

src\pages\ProviderProfilePage.js
  Line 22:11:   't' is assigned a value but never used              no-unused-vars
  Line 34:10:   'newProduct' is assigned a value but never used     no-unused-vars
  Line 34:22:   'setNewProduct' is assigned a value but never used  no-unused-vars
  Line 38:10:   'newTeam' is assigned a value but never used        no-unused-vars
  Line 38:19:   'setNewTeam' is assigned a value but never used     no-unused-vars
  Line 239:31:  'ok' is assigned a value but never used             no-unused-vars

src\pages\ServicesPage.js
  Line 37:10:  'quickViewId' is assigned a value but never used     no-unused-vars
  Line 37:23:  'setQuickViewId' is assigned a value but never used  no-unused-vars

[39m[22m

[1m[31mERROR[39m[22m in [1m./src/components/Help/HelpWidget.js[39m[22m
Module build failed (from ./node_modules/babel-loader/lib/index.js):
SyntaxError: C:\Users\life5\OneDrive\Desktop\Hodhod\src\components\Help\HelpWidget.js: Expected corresponding JSX closing tag for <div>. (147:3)

[0m [90m 145 |[39m 					[33m<[39m[33m/[39m[33mdiv[39m[33m>[39m
 [90m 146 |[39m 				)}
[31m[1m>[22m[39m[90m 147 |[39m 			[33m<[39m[33m/[39m[33m>[39m
 [90m     |[39m 			[31m[1m^[22m[39m
 [90m 148 |[39m 	)[33m;[39m
 [90m 149 |[39m }
 [90m 150 |[39m[0m
    at constructor (C:\Users\life5\OneDrive\Desktop\Hodhod\node_modules\@babel\parser\lib\index.js:367:19)
    at FlowParserMixin.raise (C:\Users\life5\OneDrive\Desktop\Hodhod\node_modules\@babel\parser\lib\index.js:6627:19)
    at FlowParserMixin.jsxParseElementAt (C:\Users\life5\OneDrive\Desktop\Hodhod\node_modules\@babel\parser\lib\index.js:4752:14)
    at FlowParserMixin.jsxParseElement (C:\Users\life5\OneDrive\Desktop\Hodhod\node_modules\@babel\parser\lib\index.js:4779:17)
    at FlowParserMixin.parseExprAtom (C:\Users\life5\OneDrive\Desktop\Hodhod\node_modules\@babel\parser\lib\index.js:4789:19)
    at FlowParserMixin.parseExprSubscripts (C:\Users\life5\OneDrive\Desktop\Hodhod\node_modules\@babel\parser\lib\index.js:11076:23)
    at FlowParserMixin.parseUpdate (C:\Users\life5\OneDrive\Desktop\Hodhod\node_modules\@babel\parser\lib\index.js:11061:21)
    at FlowParserMixin.parseMaybeUnary (C:\Users\life5\OneDrive\Desktop\Hodhod\node_modules\@babel\parser\lib\index.js:11041:23)
    at FlowParserMixin.parseMaybeUnaryOrPrivate (C:\Users\life5\OneDrive\Desktop\Hodhod\node_modules\@babel\parser\lib\index.js:10894:61)
    at FlowParserMixin.parseExprOps (C:\Users\life5\OneDrive\Desktop\Hodhod\node_modules\@babel\parser\lib\index.js:10899:23)
    at FlowParserMixin.parseMaybeConditional (C:\Users\life5\OneDrive\Desktop\Hodhod\node_modules\@babel\parser\lib\index.js:10876:23)
    at FlowParserMixin.parseMaybeAssign (C:\Users\life5\OneDrive\Desktop\Hodhod\node_modules\@babel\parser\lib\index.js:10826:21)
    at C:\Users\life5\OneDrive\Desktop\Hodhod\node_modules\@babel\parser\lib\index.js:3528:39
    at FlowParserMixin.tryParse (C:\Users\life5\OneDrive\Desktop\Hodhod\node_modules\@babel\parser\lib\index.js:6935:20)
    at FlowParserMixin.parseMaybeAssign (C:\Users\life5\OneDrive\Desktop\Hodhod\node_modules\@babel\parser\lib\index.js:3528:18)
    at C:\Users\life5\OneDrive\Desktop\Hodhod\node_modules\@babel\parser\lib\index.js:10795:39
    at FlowParserMixin.allowInAnd (C:\Users\life5\OneDrive\Desktop\Hodhod\node_modules\@babel\parser\lib\index.js:12427:12)
    at FlowParserMixin.parseMaybeAssignAllowIn (C:\Users\life5\OneDrive\Desktop\Hodhod\node_modules\@babel\parser\lib\index.js:10795:17)
    at FlowParserMixin.parseMaybeAssignAllowInOrVoidPattern (C:\Users\life5\OneDrive\Desktop\Hodhod\node_modules\@babel\parser\lib\index.js:12494:17)
    at FlowParserMixin.parseParenAndDistinguishExpression (C:\Users\life5\OneDrive\Desktop\Hodhod\node_modules\@babel\parser\lib\index.js:11674:28)
    at FlowParserMixin.parseParenAndDistinguishExpression (C:\Users\life5\OneDrive\Desktop\Hodhod\node_modules\@babel\parser\lib\index.js:3621:18)
    at FlowParserMixin.parseExprAtom (C:\Users\life5\OneDrive\Desktop\Hodhod\node_modules\@babel\parser\lib\index.js:11326:23)
    at FlowParserMixin.parseExprAtom (C:\Users\life5\OneDrive\Desktop\Hodhod\node_modules\@babel\parser\lib\index.js:4794:20)
    at FlowParserMixin.parseExprSubscripts (C:\Users\life5\OneDrive\Desktop\Hodhod\node_modules\@babel\parser\lib\index.js:11076:23)
    at FlowParserMixin.parseUpdate (C:\Users\life5\OneDrive\Desktop\Hodhod\node_modules\@babel\parser\lib\index.js:11061:21)
    at FlowParserMixin.parseMaybeUnary (C:\Users\life5\OneDrive\Desktop\Hodhod\node_modules\@babel\parser\lib\index.js:11041:23)
    at FlowParserMixin.parseMaybeUnaryOrPrivate (C:\Users\life5\OneDrive\Desktop\Hodhod\node_modules\@babel\parser\lib\index.js:10894:61)
    at FlowParserMixin.parseExprOpBaseRightExpr (C:\Users\life5\OneDrive\Desktop\Hodhod\node_modules\@babel\parser\lib\index.js:10981:34)
    at FlowParserMixin.parseExprOpRightExpr (C:\Users\life5\OneDrive\Desktop\Hodhod\node_modules\@babel\parser\lib\index.js:10976:21)
    at FlowParserMixin.parseExprOp (C:\Users\life5\OneDrive\Desktop\Hodhod\node_modules\@babel\parser\lib\index.js:10942:27)
    at FlowParserMixin.parseExprOps (C:\Users\life5\OneDrive\Desktop\Hodhod\node_modules\@babel\parser\lib\index.js:10903:17)
    at FlowParserMixin.parseMaybeConditional (C:\Users\life5\OneDrive\Desktop\Hodhod\node_modules\@babel\parser\lib\index.js:10876:23)
    at FlowParserMixin.parseMaybeAssign (C:\Users\life5\OneDrive\Desktop\Hodhod\node_modules\@babel\parser\lib\index.js:10826:21)
    at FlowParserMixin.parseMaybeAssign (C:\Users\life5\OneDrive\Desktop\Hodhod\node_modules\@babel\parser\lib\index.js:3579:18)
    at FlowParserMixin.parseExpressionBase (C:\Users\life5\OneDrive\Desktop\Hodhod\node_modules\@babel\parser\lib\index.js:10779:23)
    at C:\Users\life5\OneDrive\Desktop\Hodhod\node_modules\@babel\parser\lib\index.js:10775:39
    at FlowParserMixin.allowInAnd (C:\Users\life5\OneDrive\Desktop\Hodhod\node_modules\@babel\parser\lib\index.js:12427:12)
    at FlowParserMixin.parseExpression (C:\Users\life5\OneDrive\Desktop\Hodhod\node_modules\@babel\parser\lib\index.js:10775:17)
    at FlowParserMixin.jsxParseExpressionContainer (C:\Users\life5\OneDrive\Desktop\Hodhod\node_modules\@babel\parser\lib\index.js:4662:31)
    at FlowParserMixin.jsxParseElementAt (C:\Users\life5\OneDrive\Desktop\Hodhod\node_modules\@babel\parser\lib\index.js:4741:36)
    at FlowParserMixin.jsxParseElement (C:\Users\life5\OneDrive\Desktop\Hodhod\node_modules\@babel\parser\lib\index.js:4779:17)
    at FlowParserMixin.parseExprAtom (C:\Users\life5\OneDrive\Desktop\Hodhod\node_modules\@babel\parser\lib\index.js:4789:19)
    at FlowParserMixin.parseExprSubscripts (C:\Users\life5\OneDrive\Desktop\Hodhod\node_modules\@babel\parser\lib\index.js:11076:23)
    at FlowParserMixin.parseUpdate (C:\Users\life5\OneDrive\Desktop\Hodhod\node_modules\@babel\parser\lib\index.js:11061:21)
    at FlowParserMixin.parseMaybeUnary (C:\Users\life5\OneDrive\Desktop\Hodhod\node_modules\@babel\parser\lib\index.js:11041:23)
    at FlowParserMixin.parseMaybeUnaryOrPrivate (C:\Users\life5\OneDrive\Desktop\Hodhod\node_modules\@babel\parser\lib\index.js:10894:61)
    at FlowParserMixin.parseExprOps (C:\Users\life5\OneDrive\Desktop\Hodhod\node_modules\@babel\parser\lib\index.js:10899:23)
    at FlowParserMixin.parseMaybeConditional (C:\Users\life5\OneDrive\Desktop\Hodhod\node_modules\@babel\parser\lib\index.js:10876:23)
    at FlowParserMixin.parseMaybeAssign (C:\Users\life5\OneDrive\Desktop\Hodhod\node_modules\@babel\parser\lib\index.js:10826:21)
    at C:\Users\life5\OneDrive\Desktop\Hodhod\node_modules\@babel\parser\lib\index.js:3528:39

[1m[31mERROR[39m[22m in [1m[eslint] 
src\components\Help\HelpWidget.js
  Line 147:3:  Parsing [1m[31merror[39m[22m[1m: Expected corresponding JSX closing tag for <div>. (147:3)

[39m[22m

webpack compiled with [1m[31m2 errors[39m[22m and [1m[33m1 warning[39m[22m
Compiling...
Compiled with warnings.

[eslint] 
src\components\Help\HelpWidget.js
  Line 9:21:  'setFaqResults' is assigned a value but never used  no-unused-vars

src\components\Layout\Layout.js
  Line 27:11:  'language' is assigned a value but never used  no-unused-vars

src\pages\AuctionBidsPage.js
  Line 27:5:  React Hook useEffect has a missing dependency: 'location.state?.auction'. Either include it or remove the dependency array  react-hooks/exhaustive-deps

src\pages\AuctionDetailsPage.js
  Line 3:10:  'motion' is defined but never used                                                                                         no-unused-vars
  Line 56:6:  React Hook useEffect has a missing dependency: 'location.state.auction'. Either include it or remove the dependency array  react-hooks/exhaustive-deps

src\pages\AuctionsPage.js
  Line 10:3:   'CurrencyDollarIcon' is defined but never used                                                                        no-unused-vars
  Line 11:3:   'ClockIcon' is defined but never used                                                                                 no-unused-vars
  Line 12:3:   'UserIcon' is defined but never used                                                                                  no-unused-vars
  Line 17:10:  'apiFetch' is defined but never used                                                                                  no-unused-vars
  Line 222:8:  React Hook useEffect has a missing dependency: 'calculateTimeLeft'. Either include it or remove the dependency array  react-hooks/exhaustive-deps

src\pages\ProfilePage.js
  Line 7:3:   'PencilIcon' is defined but never used                                                                         no-unused-vars
  Line 59:6:  React Hook useEffect has a missing dependency: 'privacyKey'. Either include it or remove the dependency array  react-hooks/exhaustive-deps

src\pages\ProviderProfilePage.js
  Line 22:11:   't' is assigned a value but never used              no-unused-vars
  Line 34:10:   'newProduct' is assigned a value but never used     no-unused-vars
  Line 34:22:   'setNewProduct' is assigned a value but never used  no-unused-vars
  Line 38:10:   'newTeam' is assigned a value but never used        no-unused-vars
  Line 38:19:   'setNewTeam' is assigned a value but never used     no-unused-vars
  Line 239:31:  'ok' is assigned a value but never used             no-unused-vars

src\pages\ServicesPage.js
  Line 37:10:  'quickViewId' is assigned a value but never used     no-unused-vars
  Line 37:23:  'setQuickViewId' is assigned a value but never used  no-unused-vars

Search for the keywords to learn more about each warning.
To ignore, add // eslint-disable-next-line to the line before.

[1m[33mWARNING[39m[22m in [1m[eslint] 
src\components\Help\HelpWidget.js
  Line 9:21:  'setFaqResults' is assigned a value but never used  no-unused-vars

src\components\Layout\Layout.js
  Line 27:11:  'language' is assigned a value but never used  no-unused-vars

src\pages\AuctionBidsPage.js
  Line 27:5:  React Hook useEffect has a missing dependency: 'location.state?.auction'. Either include it or remove the dependency array  react-hooks/exhaustive-deps

src\pages\AuctionDetailsPage.js
  Line 3:10:  'motion' is defined but never used                                                                                         no-unused-vars
  Line 56:6:  React Hook useEffect has a missing dependency: 'location.state.auction'. Either include it or remove the dependency array  react-hooks/exhaustive-deps

src\pages\AuctionsPage.js
  Line 10:3:   'CurrencyDollarIcon' is defined but never used                                                                        no-unused-vars
  Line 11:3:   'ClockIcon' is defined but never used                                                                                 no-unused-vars
  Line 12:3:   'UserIcon' is defined but never used                                                                                  no-unused-vars
  Line 17:10:  'apiFetch' is defined but never used                                                                                  no-unused-vars
  Line 222:8:  React Hook useEffect has a missing dependency: 'calculateTimeLeft'. Either include it or remove the dependency array  react-hooks/exhaustive-deps

src\pages\ProfilePage.js
  Line 7:3:   'PencilIcon' is defined but never used                                                                         no-unused-vars
  Line 59:6:  React Hook useEffect has a missing dependency: 'privacyKey'. Either include it or remove the dependency array  react-hooks/exhaustive-deps

src\pages\ProviderProfilePage.js
  Line 22:11:   't' is assigned a value but never used              no-unused-vars
  Line 34:10:   'newProduct' is assigned a value but never used     no-unused-vars
  Line 34:22:   'setNewProduct' is assigned a value but never used  no-unused-vars
  Line 38:10:   'newTeam' is assigned a value but never used        no-unused-vars
  Line 38:19:   'setNewTeam' is assigned a value but never used     no-unused-vars
  Line 239:31:  'ok' is assigned a value but never used             no-unused-vars

src\pages\ServicesPage.js
  Line 37:10:  'quickViewId' is assigned a value but never used     no-unused-vars
  Line 37:23:  'setQuickViewId' is assigned a value but never used  no-unused-vars

[39m[22m

webpack compiled with [1m[33m1 warning[39m[22m
Compiling...
Compiled with warnings.

[eslint] 
src\components\Help\HelpWidget.js
  Line 9:21:  'setFaqResults' is assigned a value but never used  no-unused-vars

src\components\Layout\Layout.js
  Line 27:11:  'language' is assigned a value but never used  no-unused-vars

src\pages\AuctionBidsPage.js
  Line 27:5:  React Hook useEffect has a missing dependency: 'location.state?.auction'. Either include it or remove the dependency array  react-hooks/exhaustive-deps

src\pages\AuctionDetailsPage.js
  Line 3:10:  'motion' is defined but never used                                                                                         no-unused-vars
  Line 56:6:  React Hook useEffect has a missing dependency: 'location.state.auction'. Either include it or remove the dependency array  react-hooks/exhaustive-deps

src\pages\AuctionsPage.js
  Line 10:3:   'CurrencyDollarIcon' is defined but never used                                                                        no-unused-vars
  Line 11:3:   'ClockIcon' is defined but never used                                                                                 no-unused-vars
  Line 12:3:   'UserIcon' is defined but never used                                                                                  no-unused-vars
  Line 17:10:  'apiFetch' is defined but never used                                                                                  no-unused-vars
  Line 222:8:  React Hook useEffect has a missing dependency: 'calculateTimeLeft'. Either include it or remove the dependency array  react-hooks/exhaustive-deps

src\pages\ProfilePage.js
  Line 7:3:   'PencilIcon' is defined but never used                                                                         no-unused-vars
  Line 59:6:  React Hook useEffect has a missing dependency: 'privacyKey'. Either include it or remove the dependency array  react-hooks/exhaustive-deps

src\pages\ProviderProfilePage.js
  Line 22:11:   't' is assigned a value but never used              no-unused-vars
  Line 34:10:   'newProduct' is assigned a value but never used     no-unused-vars
  Line 34:22:   'setNewProduct' is assigned a value but never used  no-unused-vars
  Line 38:10:   'newTeam' is assigned a value but never used        no-unused-vars
  Line 38:19:   'setNewTeam' is assigned a value but never used     no-unused-vars
  Line 239:31:  'ok' is assigned a value but never used             no-unused-vars

src\pages\ServicesPage.js
  Line 37:10:  'quickViewId' is assigned a value but never used     no-unused-vars
  Line 37:23:  'setQuickViewId' is assigned a value but never used  no-unused-vars

Search for the keywords to learn more about each warning.
To ignore, add // eslint-disable-next-line to the line before.

[1m[33mWARNING[39m[22m in [1m[eslint] 
src\components\Help\HelpWidget.js
  Line 9:21:  'setFaqResults' is assigned a value but never used  no-unused-vars

src\components\Layout\Layout.js
  Line 27:11:  'language' is assigned a value but never used  no-unused-vars

src\pages\AuctionBidsPage.js
  Line 27:5:  React Hook useEffect has a missing dependency: 'location.state?.auction'. Either include it or remove the dependency array  react-hooks/exhaustive-deps

src\pages\AuctionDetailsPage.js
  Line 3:10:  'motion' is defined but never used                                                                                         no-unused-vars
  Line 56:6:  React Hook useEffect has a missing dependency: 'location.state.auction'. Either include it or remove the dependency array  react-hooks/exhaustive-deps

src\pages\AuctionsPage.js
  Line 10:3:   'CurrencyDollarIcon' is defined but never used                                                                        no-unused-vars
  Line 11:3:   'ClockIcon' is defined but never used                                                                                 no-unused-vars
  Line 12:3:   'UserIcon' is defined but never used                                                                                  no-unused-vars
  Line 17:10:  'apiFetch' is defined but never used                                                                                  no-unused-vars
  Line 222:8:  React Hook useEffect has a missing dependency: 'calculateTimeLeft'. Either include it or remove the dependency array  react-hooks/exhaustive-deps

src\pages\ProfilePage.js
  Line 7:3:   'PencilIcon' is defined but never used                                                                         no-unused-vars
  Line 59:6:  React Hook useEffect has a missing dependency: 'privacyKey'. Either include it or remove the dependency array  react-hooks/exhaustive-deps

src\pages\ProviderProfilePage.js
  Line 22:11:   't' is assigned a value but never used              no-unused-vars
  Line 34:10:   'newProduct' is assigned a value but never used     no-unused-vars
  Line 34:22:   'setNewProduct' is assigned a value but never used  no-unused-vars
  Line 38:10:   'newTeam' is assigned a value but never used        no-unused-vars
  Line 38:19:   'setNewTeam' is assigned a value but never used     no-unused-vars
  Line 239:31:  'ok' is assigned a value but never used             no-unused-vars

src\pages\ServicesPage.js
  Line 37:10:  'quickViewId' is assigned a value but never used     no-unused-vars
  Line 37:23:  'setQuickViewId' is assigned a value but never used  no-unused-vars

[39m[22m

webpack compiled with [1m[33m1 warning[39m[22m
Compiling...
Compiled with warnings.

[eslint] 
src\components\Help\HelpWidget.js
  Line 9:21:  'setFaqResults' is assigned a value but never used  no-unused-vars

src\components\Layout\Layout.js
  Line 27:11:  'language' is assigned a value but never used  no-unused-vars

src\pages\AuctionBidsPage.js
  Line 27:5:  React Hook useEffect has a missing dependency: 'location.state?.auction'. Either include it or remove the dependency array  react-hooks/exhaustive-deps

src\pages\AuctionDetailsPage.js
  Line 3:10:  'motion' is defined but never used                                                                                         no-unused-vars
  Line 56:6:  React Hook useEffect has a missing dependency: 'location.state.auction'. Either include it or remove the dependency array  react-hooks/exhaustive-deps

src\pages\AuctionsPage.js
  Line 10:3:   'CurrencyDollarIcon' is defined but never used                                                                        no-unused-vars
  Line 11:3:   'ClockIcon' is defined but never used                                                                                 no-unused-vars
  Line 12:3:   'UserIcon' is defined but never used                                                                                  no-unused-vars
  Line 17:10:  'apiFetch' is defined but never used                                                                                  no-unused-vars
  Line 222:8:  React Hook useEffect has a missing dependency: 'calculateTimeLeft'. Either include it or remove the dependency array  react-hooks/exhaustive-deps

src\pages\Dashboard\AdminDashboard.js
  Line 13:3:  'XCircleIcon' is defined but never used    no-unused-vars
  Line 19:3:  'ClockIcon' is defined but never used      no-unused-vars
  Line 24:3:  'TagIcon' is defined but never used        no-unused-vars
  Line 25:3:  'ArrowPathIcon' is defined but never used  no-unused-vars

src\pages\ProfilePage.js
  Line 7:3:   'PencilIcon' is defined but never used                                                                         no-unused-vars
  Line 59:6:  React Hook useEffect has a missing dependency: 'privacyKey'. Either include it or remove the dependency array  react-hooks/exhaustive-deps

src\pages\ProviderProfilePage.js
  Line 22:11:   't' is assigned a value but never used              no-unused-vars
  Line 34:10:   'newProduct' is assigned a value but never used     no-unused-vars
  Line 34:22:   'setNewProduct' is assigned a value but never used  no-unused-vars
  Line 38:10:   'newTeam' is assigned a value but never used        no-unused-vars
  Line 38:19:   'setNewTeam' is assigned a value but never used     no-unused-vars
  Line 239:31:  'ok' is assigned a value but never used             no-unused-vars

src\pages\ServicesPage.js
  Line 37:10:  'quickViewId' is assigned a value but never used     no-unused-vars
  Line 37:23:  'setQuickViewId' is assigned a value but never used  no-unused-vars

Search for the keywords to learn more about each warning.
To ignore, add // eslint-disable-next-line to the line before.

[1m[33mWARNING[39m[22m in [1m[eslint] 
src\components\Help\HelpWidget.js
  Line 9:21:  'setFaqResults' is assigned a value but never used  no-unused-vars

src\components\Layout\Layout.js
  Line 27:11:  'language' is assigned a value but never used  no-unused-vars

src\pages\AuctionBidsPage.js
  Line 27:5:  React Hook useEffect has a missing dependency: 'location.state?.auction'. Either include it or remove the dependency array  react-hooks/exhaustive-deps

src\pages\AuctionDetailsPage.js
  Line 3:10:  'motion' is defined but never used                                                                                         no-unused-vars
  Line 56:6:  React Hook useEffect has a missing dependency: 'location.state.auction'. Either include it or remove the dependency array  react-hooks/exhaustive-deps

src\pages\AuctionsPage.js
  Line 10:3:   'CurrencyDollarIcon' is defined but never used                                                                        no-unused-vars
  Line 11:3:   'ClockIcon' is defined but never used                                                                                 no-unused-vars
  Line 12:3:   'UserIcon' is defined but never used                                                                                  no-unused-vars
  Line 17:10:  'apiFetch' is defined but never used                                                                                  no-unused-vars
  Line 222:8:  React Hook useEffect has a missing dependency: 'calculateTimeLeft'. Either include it or remove the dependency array  react-hooks/exhaustive-deps

src\pages\Dashboard\AdminDashboard.js
  Line 13:3:  'XCircleIcon' is defined but never used    no-unused-vars
  Line 19:3:  'ClockIcon' is defined but never used      no-unused-vars
  Line 24:3:  'TagIcon' is defined but never used        no-unused-vars
  Line 25:3:  'ArrowPathIcon' is defined but never used  no-unused-vars

src\pages\ProfilePage.js
  Line 7:3:   'PencilIcon' is defined but never used                                                                         no-unused-vars
  Line 59:6:  React Hook useEffect has a missing dependency: 'privacyKey'. Either include it or remove the dependency array  react-hooks/exhaustive-deps

src\pages\ProviderProfilePage.js
  Line 22:11:   't' is assigned a value but never used              no-unused-vars
  Line 34:10:   'newProduct' is assigned a value but never used     no-unused-vars
  Line 34:22:   'setNewProduct' is assigned a value but never used  no-unused-vars
  Line 38:10:   'newTeam' is assigned a value but never used        no-unused-vars
  Line 38:19:   'setNewTeam' is assigned a value but never used     no-unused-vars
  Line 239:31:  'ok' is assigned a value but never used             no-unused-vars

src\pages\ServicesPage.js
  Line 37:10:  'quickViewId' is assigned a value but never used     no-unused-vars
  Line 37:23:  'setQuickViewId' is assigned a value but never used  no-unused-vars

[39m[22m

webpack compiled with [1m[33m1 warning[39m[22m
Compiling...
Compiled with warnings.

[eslint] 
src\components\Help\HelpWidget.js
  Line 9:21:  'setFaqResults' is assigned a value but never used  no-unused-vars

src\components\Layout\Layout.js
  Line 27:11:  'language' is assigned a value but never used  no-unused-vars

src\pages\AuctionBidsPage.js
  Line 27:5:  React Hook useEffect has a missing dependency: 'location.state?.auction'. Either include it or remove the dependency array  react-hooks/exhaustive-deps

src\pages\AuctionDetailsPage.js
  Line 3:10:  'motion' is defined but never used                                                                                         no-unused-vars
  Line 56:6:  React Hook useEffect has a missing dependency: 'location.state.auction'. Either include it or remove the dependency array  react-hooks/exhaustive-deps

src\pages\AuctionsPage.js
  Line 10:3:   'CurrencyDollarIcon' is defined but never used                                                                        no-unused-vars
  Line 11:3:   'ClockIcon' is defined but never used                                                                                 no-unused-vars
  Line 12:3:   'UserIcon' is defined but never used                                                                                  no-unused-vars
  Line 17:10:  'apiFetch' is defined but never used                                                                                  no-unused-vars
  Line 222:8:  React Hook useEffect has a missing dependency: 'calculateTimeLeft'. Either include it or remove the dependency array  react-hooks/exhaustive-deps

src\pages\Dashboard\AdminDashboard.js
  Line 13:3:  'XCircleIcon' is defined but never used    no-unused-vars
  Line 19:3:  'ClockIcon' is defined but never used      no-unused-vars
  Line 24:3:  'TagIcon' is defined but never used        no-unused-vars
  Line 25:3:  'ArrowPathIcon' is defined but never used  no-unused-vars

src\pages\ProfilePage.js
  Line 7:3:   'PencilIcon' is defined but never used                                                                         no-unused-vars
  Line 59:6:  React Hook useEffect has a missing dependency: 'privacyKey'. Either include it or remove the dependency array  react-hooks/exhaustive-deps

src\pages\ProviderProfilePage.js
  Line 22:11:   't' is assigned a value but never used              no-unused-vars
  Line 34:10:   'newProduct' is assigned a value but never used     no-unused-vars
  Line 34:22:   'setNewProduct' is assigned a value but never used  no-unused-vars
  Line 38:10:   'newTeam' is assigned a value but never used        no-unused-vars
  Line 38:19:   'setNewTeam' is assigned a value but never used     no-unused-vars
  Line 239:31:  'ok' is assigned a value but never used             no-unused-vars

src\pages\ServicesPage.js
  Line 37:10:  'quickViewId' is assigned a value but never used     no-unused-vars
  Line 37:23:  'setQuickViewId' is assigned a value but never used  no-unused-vars

Search for the keywords to learn more about each warning.
To ignore, add // eslint-disable-next-line to the line before.

[1m[33mWARNING[39m[22m in [1m[eslint] 
src\components\Help\HelpWidget.js
  Line 9:21:  'setFaqResults' is assigned a value but never used  no-unused-vars

src\components\Layout\Layout.js
  Line 27:11:  'language' is assigned a value but never used  no-unused-vars

src\pages\AuctionBidsPage.js
  Line 27:5:  React Hook useEffect has a missing dependency: 'location.state?.auction'. Either include it or remove the dependency array  react-hooks/exhaustive-deps

src\pages\AuctionDetailsPage.js
  Line 3:10:  'motion' is defined but never used                                                                                         no-unused-vars
  Line 56:6:  React Hook useEffect has a missing dependency: 'location.state.auction'. Either include it or remove the dependency array  react-hooks/exhaustive-deps

src\pages\AuctionsPage.js
  Line 10:3:   'CurrencyDollarIcon' is defined but never used                                                                        no-unused-vars
  Line 11:3:   'ClockIcon' is defined but never used                                                                                 no-unused-vars
  Line 12:3:   'UserIcon' is defined but never used                                                                                  no-unused-vars
  Line 17:10:  'apiFetch' is defined but never used                                                                                  no-unused-vars
  Line 222:8:  React Hook useEffect has a missing dependency: 'calculateTimeLeft'. Either include it or remove the dependency array  react-hooks/exhaustive-deps

src\pages\Dashboard\AdminDashboard.js
  Line 13:3:  'XCircleIcon' is defined but never used    no-unused-vars
  Line 19:3:  'ClockIcon' is defined but never used      no-unused-vars
  Line 24:3:  'TagIcon' is defined but never used        no-unused-vars
  Line 25:3:  'ArrowPathIcon' is defined but never used  no-unused-vars

src\pages\ProfilePage.js
  Line 7:3:   'PencilIcon' is defined but never used                                                                         no-unused-vars
  Line 59:6:  React Hook useEffect has a missing dependency: 'privacyKey'. Either include it or remove the dependency array  react-hooks/exhaustive-deps

src\pages\ProviderProfilePage.js
  Line 22:11:   't' is assigned a value but never used              no-unused-vars
  Line 34:10:   'newProduct' is assigned a value but never used     no-unused-vars
  Line 34:22:   'setNewProduct' is assigned a value but never used  no-unused-vars
  Line 38:10:   'newTeam' is assigned a value but never used        no-unused-vars
  Line 38:19:   'setNewTeam' is assigned a value but never used     no-unused-vars
  Line 239:31:  'ok' is assigned a value but never used             no-unused-vars

src\pages\ServicesPage.js
  Line 37:10:  'quickViewId' is assigned a value but never used     no-unused-vars
  Line 37:23:  'setQuickViewId' is assigned a value but never used  no-unused-vars

[39m[22m

webpack compiled with [1m[33m1 warning[39m[22m
Compiling...
Compiled with warnings.

[eslint] 
src\components\Help\HelpWidget.js
  Line 9:21:  'setFaqResults' is assigned a value but never used  no-unused-vars

src\components\Layout\Layout.js
  Line 27:11:  'language' is assigned a value but never used  no-unused-vars

src\pages\AuctionBidsPage.js
  Line 27:5:  React Hook useEffect has a missing dependency: 'location.state?.auction'. Either include it or remove the dependency array  react-hooks/exhaustive-deps

src\pages\AuctionDetailsPage.js
  Line 3:10:  'motion' is defined but never used                                                                                         no-unused-vars
  Line 56:6:  React Hook useEffect has a missing dependency: 'location.state.auction'. Either include it or remove the dependency array  react-hooks/exhaustive-deps

src\pages\AuctionsPage.js
  Line 10:3:   'CurrencyDollarIcon' is defined but never used                                                                        no-unused-vars
  Line 11:3:   'ClockIcon' is defined but never used                                                                                 no-unused-vars
  Line 12:3:   'UserIcon' is defined but never used                                                                                  no-unused-vars
  Line 17:10:  'apiFetch' is defined but never used                                                                                  no-unused-vars
  Line 222:8:  React Hook useEffect has a missing dependency: 'calculateTimeLeft'. Either include it or remove the dependency array  react-hooks/exhaustive-deps

src\pages\Auth\LoginPage.js
  Line 17:9:  'navigate' is assigned a value but never used  no-unused-vars
  Line 29:9:  'from' is assigned a value but never used      no-unused-vars

src\pages\Dashboard\AdminDashboard.js
  Line 13:3:  'XCircleIcon' is defined but never used    no-unused-vars
  Line 19:3:  'ClockIcon' is defined but never used      no-unused-vars
  Line 24:3:  'TagIcon' is defined but never used        no-unused-vars
  Line 25:3:  'ArrowPathIcon' is defined but never used  no-unused-vars

src\pages\ProfilePage.js
  Line 7:3:   'PencilIcon' is defined but never used                                                                         no-unused-vars
  Line 59:6:  React Hook useEffect has a missing dependency: 'privacyKey'. Either include it or remove the dependency array  react-hooks/exhaustive-deps

src\pages\ProviderProfilePage.js
  Line 22:11:   't' is assigned a value but never used              no-unused-vars
  Line 34:10:   'newProduct' is assigned a value but never used     no-unused-vars
  Line 34:22:   'setNewProduct' is assigned a value but never used  no-unused-vars
  Line 38:10:   'newTeam' is assigned a value but never used        no-unused-vars
  Line 38:19:   'setNewTeam' is assigned a value but never used     no-unused-vars
  Line 239:31:  'ok' is assigned a value but never used             no-unused-vars

src\pages\ServicesPage.js
  Line 37:10:  'quickViewId' is assigned a value but never used     no-unused-vars
  Line 37:23:  'setQuickViewId' is assigned a value but never used  no-unused-vars

Search for the keywords to learn more about each warning.
To ignore, add // eslint-disable-next-line to the line before.

[1m[33mWARNING[39m[22m in [1m[eslint] 
src\components\Help\HelpWidget.js
  Line 9:21:  'setFaqResults' is assigned a value but never used  no-unused-vars

src\components\Layout\Layout.js
  Line 27:11:  'language' is assigned a value but never used  no-unused-vars

src\pages\AuctionBidsPage.js
  Line 27:5:  React Hook useEffect has a missing dependency: 'location.state?.auction'. Either include it or remove the dependency array  react-hooks/exhaustive-deps

src\pages\AuctionDetailsPage.js
  Line 3:10:  'motion' is defined but never used                                                                                         no-unused-vars
  Line 56:6:  React Hook useEffect has a missing dependency: 'location.state.auction'. Either include it or remove the dependency array  react-hooks/exhaustive-deps

src\pages\AuctionsPage.js
  Line 10:3:   'CurrencyDollarIcon' is defined but never used                                                                        no-unused-vars
  Line 11:3:   'ClockIcon' is defined but never used                                                                                 no-unused-vars
  Line 12:3:   'UserIcon' is defined but never used                                                                                  no-unused-vars
  Line 17:10:  'apiFetch' is defined but never used                                                                                  no-unused-vars
  Line 222:8:  React Hook useEffect has a missing dependency: 'calculateTimeLeft'. Either include it or remove the dependency array  react-hooks/exhaustive-deps

src\pages\Auth\LoginPage.js
  Line 17:9:  'navigate' is assigned a value but never used  no-unused-vars
  Line 29:9:  'from' is assigned a value but never used      no-unused-vars

src\pages\Dashboard\AdminDashboard.js
  Line 13:3:  'XCircleIcon' is defined but never used    no-unused-vars
  Line 19:3:  'ClockIcon' is defined but never used      no-unused-vars
  Line 24:3:  'TagIcon' is defined but never used        no-unused-vars
  Line 25:3:  'ArrowPathIcon' is defined but never used  no-unused-vars

src\pages\ProfilePage.js
  Line 7:3:   'PencilIcon' is defined but never used                                                                         no-unused-vars
  Line 59:6:  React Hook useEffect has a missing dependency: 'privacyKey'. Either include it or remove the dependency array  react-hooks/exhaustive-deps

src\pages\ProviderProfilePage.js
  Line 22:11:   't' is assigned a value but never used              no-unused-vars
  Line 34:10:   'newProduct' is assigned a value but never used     no-unused-vars
  Line 34:22:   'setNewProduct' is assigned a value but never used  no-unused-vars
  Line 38:10:   'newTeam' is assigned a value but never used        no-unused-vars
  Line 38:19:   'setNewTeam' is assigned a value but never used     no-unused-vars
  Line 239:31:  'ok' is assigned a value but never used             no-unused-vars

src\pages\ServicesPage.js
  Line 37:10:  'quickViewId' is assigned a value but never used     no-unused-vars
  Line 37:23:  'setQuickViewId' is assigned a value but never used  no-unused-vars

[39m[22m

webpack compiled with [1m[33m1 warning[39m[22m
